[    0.000000] Booting Linux on physical CPU 0x0000000000 [0x610f0000]
[    0.000000] Linux version 6.1.0-53-arm64 (debian-kernel@lists.debian.org) (gcc-12 (Debian 12.2.0-14+deb12u1) 12.2.0, GNU ld (GNU Binutils for Debian) 2.40) #1 SMP Debian 6.1.187-1 (2026-09-07)
[    0.000000] random: crng init done
[    0.000000] Machine model: linux,dummy-virt
[    0.000000] efi: UEFI not found.
[    0.000000] NUMA: No NUMA configuration found
[    0.000000] NUMA: Faking a node at [mem 0x0000000040000000-0x00000000bfffffff]
[    0.000000] NUMA: NODE_DATA [mem 0xbfbee380-0xbfbf0fff]
[    0.000000] Zone ranges:
[    0.000000]   DMA      [mem 0x0000000040000000-0x00000000bfffffff]
[    0.000000]   DMA32    empty
[    0.000000]   Normal   empty
[    0.000000] Movable zone start for each node
[    0.000000] Early memory node ranges
[    0.000000]   node   0: [mem 0x0000000040000000-0x00000000bfffffff]
[    0.000000] Initmem setup node 0 [mem 0x0000000040000000-0x00000000bfffffff]
[    0.000000] cma: Reserved 64 MiB at 0x00000000b9a00000
[    0.000000] psci: probing for conduit method from DT.
[    0.000000] psci: PSCIv1.1 detected in firmware.
[    0.000000] psci: Using standard PSCI v0.2 function IDs
[    0.000000] psci: Trusted OS migration not required
[    0.000000] psci: SMC Calling Convention v1.0
[    0.000000] percpu: Embedded 31 pages/cpu s87208 r8192 d31576 u126976
[    0.000000] Detected PIPT I-cache on CPU0
[    0.000000] CPU features: detected: Address authentication (IMP DEF algorithm)
[    0.000000] CPU features: detected: Spectre-v4
[    0.000000] CPU features: detected: Spectre-BHB
[    0.000000] alternatives: applying boot alternatives
[    0.000000] Fallback order for Node 0: 0 
[    0.000000] Built 1 zonelists, mobility grouping on.  Total pages: 516096
[    0.000000] Policy zone: DMA
[    0.000000] Kernel command line: root=/dev/vda noresume rw rootfstype=ext4 console=ttyAMA0 init=/sbin/ace-fixture-init
[    0.000000] Dentry cache hash table entries: 262144 (order: 9, 2097152 bytes, linear)
[    0.000000] Inode-cache hash table entries: 131072 (order: 8, 1048576 bytes, linear)
[    0.000000] mem auto-init: stack:all(zero), heap alloc:on, heap free:off
[    0.000000] Memory: 98324K/2097152K available (13248K kernel code, 2806K rwdata, 9512K rodata, 6464K init, 627K bss, 108232K reserved, 65536K cma-reserved)
[    0.000000] SLUB: HWalign=64, Order=0-3, MinObjects=0, CPUs=2, Nodes=1
[    0.000000] ftrace: allocating 44217 entries in 173 pages
[    0.000000] ftrace: allocated 173 pages with 5 groups
[    0.000000] trace event string verifier disabled
[    0.000000] rcu: Hierarchical RCU implementation.
[    0.000000] rcu: 	RCU restricting CPUs from NR_CPUS=256 to nr_cpu_ids=2.
[    0.000000] 	Rude variant of Tasks RCU enabled.
[    0.000000] 	Tracing variant of Tasks RCU enabled.
[    0.000000] rcu: RCU calculated value of scheduler-enlistment delay is 25 jiffies.
[    0.000000] rcu: Adjusting geometry for rcu_fanout_leaf=16, nr_cpu_ids=2
[    0.000000] NR_IRQS: 64, nr_irqs: 64, preallocated irqs: 0
[    0.000000] GICv3: 988 SPIs implemented
[    0.000000] GICv3: 0 Extended SPIs implemented
[    0.000000] Root IRQ handler: gic_handle_irq
[    0.000000] GICv3: GICv3 features: 16 PPIs, RSS
[    0.000000] GICv3: CPU0: found redistributor 0 region 0:0x00000000080a0000
[    0.000000] GICv2m: range[mem 0x08020000-0x08020fff], SPI[80:143]
[    0.000000] rcu: srcu_init: Setting srcu_struct sizes based on contention.
[    0.000000] arch_timer: cp15 timer(s) running at 24.00MHz (virt).
[    0.000000] clocksource: arch_sys_counter: mask: 0xffffffffffffff max_cycles: 0x588fe9dc0, max_idle_ns: 440795202592 ns
[    0.000000] sched_clock: 56 bits at 24MHz, resolution 41ns, wraps every 4398046511097ns
[    0.000101] Console: colour dummy device 80x25
[    0.000115] Calibrating delay loop (skipped), value calculated using timer frequency.. 48.00 BogoMIPS (lpj=96000)
[    0.000116] pid_max: default: 32768 minimum: 301
[    0.000133] LSM: Security Framework initializing
[    0.000139] landlock: Up and running.
[    0.000139] Yama: disabled by default; enable with sysctl kernel.yama.*
[    0.000161] AppArmor: AppArmor initialized
[    0.000161] TOMOYO Linux initialized
[    0.000165] LSM support for eBPF active
[    0.000181] Mount-cache hash table entries: 4096 (order: 3, 32768 bytes, linear)
[    0.000186] Mountpoint-cache hash table entries: 4096 (order: 3, 32768 bytes, linear)
[    0.000446] cblist_init_generic: Setting adjustable number of callback queues.
[    0.000447] cblist_init_generic: Setting shift to 1 and lim to 1.
[    0.000454] cblist_init_generic: Setting adjustable number of callback queues.
[    0.000454] cblist_init_generic: Setting shift to 1 and lim to 1.
[    0.000480] rcu: Hierarchical SRCU implementation.
[    0.000481] rcu: 	Max phase no-delay instances is 1000.
[    0.000664] EFI services will not be available.
[    0.000695] smp: Bringing up secondary CPUs ...
[    0.000896] Detected PIPT I-cache on CPU1
[    0.000908] GICv3: CPU1: found redistributor 1 region 0:0x00000000080c0000
[    0.000951] CPU1: Booted secondary processor 0x0000000001 [0x610f0000]
[    0.001024] smp: Brought up 1 node, 2 CPUs
[    0.001026] SMP: Total of 2 processors activated.
[    0.001027] CPU features: detected: ARMv8.4 Translation Table Level
[    0.001027] CPU features: detected: Data cache clean to the PoU not required for I/D coherence
[    0.001028] CPU features: detected: Common not Private translations
[    0.001028] CPU features: detected: CRC32 instructions
[    0.001028] CPU features: detected: Data cache clean to Point of Deep Persistence
[    0.001028] CPU features: detected: Data cache clean to Point of Persistence
[    0.001029] CPU features: detected: E0PD
[    0.001029] CPU features: detected: Generic authentication (IMP DEF algorithm)
[    0.001029] CPU features: detected: RCpc load-acquire (LDAPR)
[    0.001030] CPU features: detected: LSE atomic instructions
[    0.001030] CPU features: detected: Privileged Access Never
[    0.001030] CPU features: detected: RAS Extension Support
[    0.001030] CPU features: detected: Speculation barrier (SB)
[    0.001030] CPU features: detected: TLB range maintenance instructions
[    0.001097] CPU: All CPU(s) started at EL1
[    0.001099] alternatives: applying system-wide alternatives
[    0.007095] node 0 deferred pages initialised in 4ms
[    0.007408] devtmpfs: initialized
[    0.007731] Registered cp15_barrier emulation handler
[    0.007732] setend instruction emulation is not supported on this system
[    0.007757] clocksource: jiffies: mask: 0xffffffff max_cycles: 0xffffffff, max_idle_ns: 7645041785100000 ns
[    0.007763] futex hash table entries: 512 (order: 3, 32768 bytes, linear)
[    0.007888] pinctrl core: initialized pinctrl subsystem
[    0.008003] DMI not present or invalid.
[    0.008101] NET: Registered PF_NETLINK/PF_ROUTE protocol family
[    0.008444] DMA: preallocated 256 KiB GFP_KERNEL pool for atomic allocations
[    0.008459] DMA: preallocated 256 KiB GFP_KERNEL|GFP_DMA pool for atomic allocations
[    0.008478] DMA: preallocated 256 KiB GFP_KERNEL|GFP_DMA32 pool for atomic allocations
[    0.008483] audit: initializing netlink subsys (disabled)
[    0.008534] audit: type=2000 audit(0.004:1): state=initialized audit_enabled=0 res=1
[    0.008603] thermal_sys: Registered thermal governor 'fair_share'
[    0.008604] thermal_sys: Registered thermal governor 'bang_bang'
[    0.008604] thermal_sys: Registered thermal governor 'step_wise'
[    0.008604] thermal_sys: Registered thermal governor 'user_space'
[    0.008604] thermal_sys: Registered thermal governor 'power_allocator'
[    0.008608] cpuidle: using governor ladder
[    0.008609] cpuidle: using governor menu
[    0.008623] hw-breakpoint: found 6 breakpoint and 4 watchpoint registers.
[    0.008652] ASID allocator initialised with 256 entries
[    0.008707] Serial: AMBA PL011 UART driver
[    0.009218] 9000000.pl011: ttyAMA0 at MMIO 0x9000000 (irq = 13, base_baud = 0) is a PL011 rev1
[    0.074645] printk: console [ttyAMA0] enabled
[    0.075328] KASLR enabled
[    0.078128] HugeTLB: registered 1.00 GiB page size, pre-allocated 0 pages
[    0.078854] HugeTLB: 0 KiB vmemmap can be freed for a 1.00 GiB page
[    0.079502] HugeTLB: registered 32.0 MiB page size, pre-allocated 0 pages
[    0.080176] HugeTLB: 0 KiB vmemmap can be freed for a 32.0 MiB page
[    0.080718] HugeTLB: registered 2.00 MiB page size, pre-allocated 0 pages
[    0.081290] HugeTLB: 0 KiB vmemmap can be freed for a 2.00 MiB page
[    0.081817] HugeTLB: registered 64.0 KiB page size, pre-allocated 0 pages
[    0.082374] HugeTLB: 0 KiB vmemmap can be freed for a 64.0 KiB page
[    0.083343] ACPI: Interpreter disabled.
[    0.083868] iommu: Default domain type: Translated 
[    0.084355] iommu: DMA domain TLB invalidation policy: strict mode 
[    0.084914] pps_core: LinuxPPS API ver. 1 registered
[    0.085324] pps_core: Software ver. 5.3.6 - Copyright 2005-2007 Rodolfo Giometti <giometti@linux.it>
[    0.086085] PTP clock support registered
[    0.086409] EDAC MC: Ver: 3.0.0
[    0.086940] NetLabel: Initializing
[    0.087226] NetLabel:  domain hash size = 128
[    0.087581] NetLabel:  protocols = UNLABELED CIPSOv4 CALIPSO
[    0.088046] NetLabel:  unlabeled traffic allowed by default
[    0.088565] vgaarb: loaded
[    0.088915] clocksource: Switched to clocksource arch_sys_counter
[    0.093099] VFS: Disk quotas dquot_6.6.0
[    0.093498] VFS: Dquot-cache hash table entries: 512 (order 0, 4096 bytes)
[    0.094221] AppArmor: AppArmor Filesystem Enabled
[    0.094638] pnp: PnP ACPI: disabled
[    0.097778] NET: Registered PF_INET protocol family
[    0.098287] IP idents hash table entries: 32768 (order: 6, 262144 bytes, linear)
[    0.099174] tcp_listen_portaddr_hash hash table entries: 1024 (order: 2, 16384 bytes, linear)
[    0.099919] Table-perturb hash table entries: 65536 (order: 6, 262144 bytes, linear)
[    0.100570] TCP established hash table entries: 16384 (order: 5, 131072 bytes, linear)
[    0.101286] TCP bind hash table entries: 16384 (order: 7, 524288 bytes, linear)
[    0.101893] TCP: Hash tables configured (established 16384 bind 16384)
[    0.102509] MPTCP token hash table entries: 2048 (order: 4, 49152 bytes, linear)
[    0.103158] UDP hash table entries: 1024 (order: 3, 32768 bytes, linear)
[    0.103838] UDP-Lite hash table entries: 1024 (order: 3, 32768 bytes, linear)
[    0.104561] NET: Registered PF_UNIX/PF_LOCAL protocol family
[    0.105090] NET: Registered PF_XDP protocol family
[    0.105554] PCI: CLS 0 bytes, default 64
[    0.105924] Trying to unpack rootfs image as initramfs...
[    0.113354] hw perfevents: enabled with armv8_pmuv3 PMU driver, 1 counters available
[    0.114195] kvm [1]: HYP mode not available
[    0.114718] Initialise system trusted keyrings
[    0.115138] Key type blacklist registered
[    0.115584] workingset: timestamp_bits=42 max_order=19 bucket_order=0
[    0.116671] zbud: loaded
[    0.117048] integrity: Platform Keyring initialized
[    0.117492] integrity: Machine keyring initialized
[    0.117919] Key type asymmetric registered
[    0.118285] Asymmetric key parser 'x509' registered
[    0.421258] Freeing initrd memory: 34056K
[    0.425355] alg: self-tests for CTR-KDF (hmac(sha256)) passed
[    0.425968] Block layer SCSI generic (bsg) driver version 0.4 loaded (major 247)
[    0.426642] io scheduler mq-deadline registered
[    0.428055] pl061_gpio 9030000.pl061: PL061 GPIO chip registered
[    0.428630] shpchp: Standard Hot Plug PCI Controller Driver version: 0.4
[    0.429255] pci-host-generic 4010000000.pcie: host bridge /pcie@10000000 ranges:
[    0.429897] pci-host-generic 4010000000.pcie:       IO 0x003eff0000..0x003effffff -> 0x0000000000
[    0.430660] pci-host-generic 4010000000.pcie:      MEM 0x0010000000..0x003efeffff -> 0x0010000000
[    0.431427] pci-host-generic 4010000000.pcie:      MEM 0x8000000000..0xffffffffff -> 0x8000000000
[    0.432184] pci-host-generic 4010000000.pcie: Memory resource size exceeds max for 32 bits
[    0.432904] pci-host-generic 4010000000.pcie: ECAM at [mem 0x4010000000-0x401fffffff] for [bus 00-ff]
[    0.433719] pci-host-generic 4010000000.pcie: PCI host bridge to bus 0000:00
[    0.434312] pci_bus 0000:00: root bus resource [bus 00-ff]
[    0.434802] pci_bus 0000:00: root bus resource [io  0x0000-0xffff]
[    0.435328] pci_bus 0000:00: root bus resource [mem 0x10000000-0x3efeffff]
[    0.436339] pci_bus 0000:00: root bus resource [mem 0x8000000000-0xffffffffff]
[    0.437634] pci 0000:00:00.0: [1b36:0008] type 00 class 0x060000
[    0.439809] Serial: 8250/16550 driver, 4 ports, IRQ sharing enabled
[    0.440497] Serial: AMBA driver
[    0.440774] SuperH (H)SCI(F) driver initialized
[    0.441210] msm_serial: driver initialized
[    0.441741] mousedev: PS/2 mouse device common for all mice
[    0.442395] rtc-pl031 9010000.pl031: registered as rtc0
[    0.443023] rtc-pl031 9010000.pl031: setting system clock to 2026-10-05T04:43:31 UTC (1791175411)
[    0.444741] ledtrig-cpu: registered to indicate activity on CPUs
[    0.452863] NET: Registered PF_INET6 protocol family
[    0.455529] Segment Routing with IPv6
[    0.455969] In-situ OAM (IOAM) with IPv6
[    0.456298] mip6: Mobile IPv6
[    0.456547] NET: Registered PF_PACKET protocol family
[    0.456987] mpls_gso: MPLS GSO support
[    0.457393] registered taskstats version 1
[    0.457736] Loading compiled-in X.509 certificates
[    0.467431] Loaded X.509 cert 'Build time autogenerated kernel key: 10c55a12a481418dc388ae002ec2e41cc758f001'
[    0.468502] zswap: loaded using pool lzo/zbud
[    0.469099] Key type .fscrypt registered
[    0.469496] Key type fscrypt-provisioning registered
[    0.471752] Key type encrypted registered
[    0.472174] AppArmor: AppArmor sha1 policy hashing enabled
[    0.472673] ima: No TPM chip found, activating TPM-bypass!
[    0.473181] ima: Allocated hash algorithm: sha256
[    0.473642] ima: No architecture policies found
[    0.474078] evm: Initialising EVM extended attributes:
[    0.474565] evm: security.selinux
[    0.474871] evm: security.SMACK64 (disabled)
[    0.475260] evm: security.SMACK64EXEC (disabled)
[    0.475696] evm: security.SMACK64TRANSMUTE (disabled)
[    0.476160] evm: security.SMACK64MMAP (disabled)
[    0.476600] evm: security.apparmor
[    0.476921] evm: security.ima
[    0.477191] evm: security.capability
[    0.477565] evm: HMAC attrs: 0x1
[    0.528188] clk: Disabling unused clocks
[    0.528659] uart-pl011 9000000.pl011: no DMA platform data
[    0.529784] Freeing unused kernel memory: 6464K
[    0.532072] Checked W+X mappings: passed, no W+X pages found
[    0.532578] Run /init as init process
Loading, please wait...
Starting systemd-udevd version 252.39-1~deb12u2
[    0.582785] input: gpio-keys as /devices/platform/gpio-keys/input/input0
[    0.591210] virtio_blk virtio0: 1/0/0 default/read/poll queues
[    0.591958] virtio_blk virtio0: [vda] 4194304 512-byte logical blocks (2.15 GB/2.00 GiB)
Begin: Loading essential drivers ... done.
Begin: Running /scripts/init-premount ... done.
Begin: Mounting root file system ... Begin: Running /scripts/local-top ... done.
Begin: Running /scripts/local-premount ... done.
Warning: fsck not present, so skipping root file system
[    0.656873] EXT4-fs (vda): mounted filesystem with ordered data mode. Quota mode: none.
done.
Begin: Running /scripts/local-bottom ... done.
Begin: Running /scripts/init-bottom ... done.
mount: /sys: sysfs already mounted on /sys.
       dmesg(1) may have more information after failed mount system call.
mount: /dev: devtmpfs already mounted or mount point busy.
       dmesg(1) may have more information after failed mount system call.
ACE_GUEST_BOOT_BEGIN
Linux (none) 6.1.0-53-arm64 #1 SMP Debian 6.1.187-1 (2026-09-07) aarch64 GNU/Linux
e38fe28c-62e4-4dca-b85d-c489b0a6d7cd
2
ruby 3.4.8 (2025-12-17 revision 995b59f666) +PRISM [aarch64-linux]
ACE_GUEST_BOOT_POLICY_READY
herdr server running; you can use any herdr CLI command in another terminal.
api socket: /run/ace-native/control.sock
client socket: /run/ace-native/control-client.sock
logs: /var/lib/ace-native-home/.config/herdr/herdr-server.log
did you mean to open the Herdr TUI? run `herdr`; you do not need `herdr server`.
Initialized empty Git repository in /var/lib/ace-journal/.git/
[main (root-commit) bf09b20] base
[    1.278662] ptrace attach of "/usr/local/bin/herdr server"[221] was attempted by "python3 -c import os,ctypes,json,pathlib,sys\x0alibc=ctypes.CDLL(None,use_errno=True);pid=int(sys.argv[1]);results={}\x0aresults['ptrace']={'result':libc.ptrace(16,pid,0,0),'errno':ctypes.get_errno()}\x0aclass IOVec(ctypes.Structure):_fields_=[('base',ctypes.c_void_p),('length',ctypes.c_size_t)]\x0abuffer=ctypes.create_string_buffer(1);local=IOVec(ctypes.cast(buffer,ctypes.c_void_p),1);remote=IOVec(1,1)\x0aresults['process_vm_readv']={'result':libc.process_vm_readv(pid,ctypes.byref(local),1,ctypes.byref(remote),1,0),'errno':ctypes.get_errno()}\x0aresults['process_vm_writev']={'result':libc.process_vm_writev(pid,ctypes.byref(local),1,ctypes.byref(remote),1,0),'errno':ctypes.get_errno()}\x0atry:\x0a fd=os.open(f'/proc/{pid}/mem',os.O_WRONLY);os.close(fd);results['process_mem_write']='unexpectedly_opened'\x0aexcept OSError as e:results['process_mem_write']=e.errno\x0afor name,path in [('server_mem',f'/proc/{p
[    1.278761] ptrace attach of "/usr/local/bin/herdr server"[221] was attempted by "python3 -c import os,ctypes,json,pathlib,sys\x0alibc=ctypes.CDLL(None,use_errno=True);pid=int(sys.argv[1]);results={}\x0aresults['ptrace']={'result':libc.ptrace(16,pid,0,0),'errno':ctypes.get_errno()}\x0aclass IOVec(ctypes.Structure):_fields_=[('base',ctypes.c_void_p),('length',ctypes.c_size_t)]\x0abuffer=ctypes.create_string_buffer(1);local=IOVec(ctypes.cast(buffer,ctypes.c_void_p),1);remote=IOVec(1,1)\x0aresults['process_vm_readv']={'result':libc.process_vm_readv(pid,ctypes.byref(local),1,ctypes.byref(remote),1,0),'errno':ctypes.get_errno()}\x0aresults['process_vm_writev']={'result':libc.process_vm_writev(pid,ctypes.byref(local),1,ctypes.byref(remote),1,0),'errno':ctypes.get_errno()}\x0atry:\x0a fd=os.open(f'/proc/{pid}/mem',os.O_WRONLY);os.close(fd);results['process_mem_write']='unexpectedly_opened'\x0aexcept OSError as e:results['process_mem_write']=e.errno\x0afor name,path in [('server_mem',f'/proc/{p
[    1.286739] ptrace attach of "/usr/local/bin/herdr server"[221] was attempted by "python3 -c import os,ctypes,json,pathlib,sys\x0alibc=ctypes.CDLL(None,use_errno=True);pid=int(sys.argv[1]);results={}\x0aresults['ptrace']={'result':libc.ptrace(16,pid,0,0),'errno':ctypes.get_errno()}\x0aclass IOVec(ctypes.Structure):_fields_=[('base',ctypes.c_void_p),('length',ctypes.c_size_t)]\x0abuffer=ctypes.create_string_buffer(1);local=IOVec(ctypes.cast(buffer,ctypes.c_void_p),1);remote=IOVec(1,1)\x0aresults['process_vm_readv']={'result':libc.process_vm_readv(pid,ctypes.byref(local),1,ctypes.byref(remote),1,0),'errno':ctypes.get_errno()}\x0aresults['process_vm_writev']={'result':libc.process_vm_writev(pid,ctypes.byref(local),1,ctypes.byref(remote),1,0),'errno':ctypes.get_errno()}\x0atry:\x0a fd=os.open(f'/proc/{pid}/mem',os.O_WRONLY);os.close(fd);results['process_mem_write']='unexpectedly_opened'\x0aexcept OSError as e:results['process_mem_write']=e.errno\x0afor name,path in [('server_mem',f'/proc/{p
[    1.299718] ptrace attach of "/usr/local/bin/herdr server"[221] was attempted by "python3 -c import os,ctypes,json,pathlib,sys\x0alibc=ctypes.CDLL(None,use_errno=True);pid=int(sys.argv[1]);results={}\x0aresults['ptrace']={'result':libc.ptrace(16,pid,0,0),'errno':ctypes.get_errno()}\x0aclass IOVec(ctypes.Structure):_fields_=[('base',ctypes.c_void_p),('length',ctypes.c_size_t)]\x0abuffer=ctypes.create_string_buffer(1);local=IOVec(ctypes.cast(buffer,ctypes.c_void_p),1);remote=IOVec(1,1)\x0aresults['process_vm_readv']={'result':libc.process_vm_readv(pid,ctypes.byref(local),1,ctypes.byref(remote),1,0),'errno':ctypes.get_errno()}\x0aresults['process_vm_writev']={'result':libc.process_vm_writev(pid,ctypes.byref(local),1,ctypes.byref(remote),1,0),'errno':ctypes.get_errno()}\x0atry:\x0a fd=os.open(f'/proc/{pid}/mem',os.O_WRONLY);os.close(fd);results['process_mem_write']='unexpectedly_opened'\x0aexcept OSError as e:results['process_mem_write']=e.errno\x0afor name,path in [('server_mem',f'/proc/{p
{"project_id":"project","runtime":"herdr","supported":true}
{"assignment_id":"assignment","scope":"010","project_id":"project","task_id":"09j","base_head":"bf09b209902df16ef0bda471d13aaf9612a1bb25","actor":"worker","role":"worker","runtime":"herdr","launcher_identity":{"pid":306,"uid":13002,"started_at":"linux:e38fe28c-62e4-4dca-b85d-c489b0a6d7cd:184","host":"(none)","gid":13002,"groups":[13002],"parent_pid":167},"launch_ticket":"f5778bd92f6f43f159beb884fa90b54fcc6a661e7c879b25","attempt_id":"launch-d0639756a75d1939150df307","phase":"issued","mapping_id":"mapping","reservation_generation":1,"handshake_deadline":"2026-10-05T04:44:03.512865Z","generation":4,"process_binding":{"runtime":"herdr","session":"w1","pane":"w1:p2","terminal_id":"term_65d1086463ca92","process_identity":{"pid":769,"uid":13001,"started_at":"linux:e38fe28c-62e4-4dca-b85d-c489b0a6d7cd:280","host":"(none)","gid":13001,"groups":[13001],"parent_pid":221},"shell_identity":{"pid":769,"uid":13001,"started_at":"linux:e38fe28c-62e4-4dca-b85d-c489b0a6d7cd:280","host":"(none)","gid":13001,"groups":[13001],"parent_pid":221},"native_origin":{"workspace":"w1","tab":"w1:t2","pane":"w1:p2","server_identity":{"pid":221,"uid":13001,"gid":13001,"groups":[13001],"parent_pid":167,"started_at":"linux:e38fe28c-62e4-4dca-b85d-c489b0a6d7cd:77","host":"(none)"},"socket_identity":[26,6,13001],"command":["/usr/libexec/ace-worker-gate","mapping","f5778bd92f6f43f159beb884fa90b54fcc6a661e7c879b25"],"cwd":"/home/ace-13001"}},"execution":"potentially_executed","journal_commit":"32b30710a2b04241899ce1245750ac3765a1eec1"}
Error: protected authority refused (conflict)
ACE_CASE {"mode":"launcherloss","state":{"assignment_id":"fixture-launcherloss","scope":"010","project_id":"project","task_id":"09j","base_head":"bf09b209902df16ef0bda471d13aaf9612a1bb25","actor":"worker","role":"worker","runtime":"herdr","launcher_identity":{"pid":2171,"uid":13002,"started_at":"linux:e38fe28c-62e4-4dca-b85d-c489b0a6d7cd:417","host":"(none)","gid":13002,"groups":[13002],"parent_pid":167},"launch_ticket":"94c8584674cbb7ff3b2aa1151f5c2c3e668c1e6175d7cbf5","attempt_id":"launch-04e3bcfabfe79824f74fa1bf","phase":"bound","mapping_id":"mapping","reservation_generation":1,"handshake_deadline":"2026-10-05T04:44:05.558564Z","generation":3,"process_binding":{"runtime":"herdr","session":"w1","pane":"w1:p3","terminal_id":"term_65d1086652fb03","process_identity":{"pid":2728,"uid":13001,"started_at":"linux:e38fe28c-62e4-4dca-b85d-c489b0a6d7cd:483","host":"(none)","gid":13001,"groups":[13001],"parent_pid":221},"shell_identity":{"pid":2728,"uid":13001,"started_at":"linux:e38fe28c-62e4-4dca-b85d-c489b0a6d7cd:483","host":"(none)","gid":13001,"groups":[13001],"parent_pid":221},"native_origin":{"workspace":"w1","tab":"w1:t3","pane":"w1:p3","server_identity":{"pid":221,"uid":13001,"gid":13001,"groups":[13001],"parent_pid":167,"started_at":"linux:e38fe28c-62e4-4dca-b85d-c489b0a6d7cd:77","host":"(none)"},"socket_identity":[26,6,13001],"command":["/usr/libexec/ace-worker-gate","mapping","94c8584674cbb7ff3b2aa1151f5c2c3e668c1e6175d7cbf5"],"cwd":"/home/ace-13001"}},"journal_commit":"b0d22310ddfd1dd0557363c66fe826d96cf43557"},"binding":{"runtime":"herdr","session":"w1","pane":"w1:p3","terminal_id":"term_65d1086652fb03","process_identity":{"pid":2728,"uid":13001,"started_at":"linux:e38fe28c-62e4-4dca-b85d-c489b0a6d7cd:483","host":"(none)","gid":13001,"groups":[13001],"parent_pid":221},"shell_identity":{"pid":2728,"uid":13001,"started_at":"linux:e38fe28c-62e4-4dca-b85d-c489b0a6d7cd:483","host":"(none)","gid":13001,"groups":[13001],"parent_pid":221},"native_origin":{"workspace":"w1","tab":"w1:t3","pane":"w1:p3","server_identity":{"pid":221,"uid":13001,"gid":13001,"groups":[13001],"parent_pid":167,"started_at":"linux:e38fe28c-62e4-4dca-b85d-c489b0a6d7cd:77","host":"(none)"},"socket_identity":[26,6,13001],"command":["/usr/libexec/ace-worker-gate","mapping","94c8584674cbb7ff3b2aa1151f5c2c3e668c1e6175d7cbf5"],"cwd":"/home/ace-13001"}}}
{"assignment_id":"fixture-launcherloss","scope":"010","project_id":"project","task_id":"09j","base_head":"bf09b209902df16ef0bda471d13aaf9612a1bb25","actor":"worker","role":"worker","runtime":"herdr","launcher_identity":{"pid":2171,"uid":13002,"started_at":"linux:e38fe28c-62e4-4dca-b85d-c489b0a6d7cd:417","host":"(none)","gid":13002,"groups":[13002],"parent_pid":167},"launch_ticket":"94c8584674cbb7ff3b2aa1151f5c2c3e668c1e6175d7cbf5","attempt_id":"launch-04e3bcfabfe79824f74fa1bf","phase":"failed","mapping_id":"mapping","reservation_generation":1,"handshake_deadline":"2026-10-05T04:44:05.558564Z","generation":4,"process_binding":{"runtime":"herdr","session":"w1","pane":"w1:p3","terminal_id":"term_65d1086652fb03","process_identity":{"pid":2728,"uid":13001,"started_at":"linux:e38fe28c-62e4-4dca-b85d-c489b0a6d7cd:483","host":"(none)","gid":13001,"groups":[13001],"parent_pid":221},"shell_identity":{"pid":2728,"uid":13001,"started_at":"linux:e38fe28c-62e4-4dca-b85d-c489b0a6d7cd:483","host":"(none)","gid":13001,"groups":[13001],"parent_pid":221},"native_origin":{"workspace":"w1","tab":"w1:t3","pane":"w1:p3","server_identity":{"pid":221,"uid":13001,"gid":13001,"groups":[13001],"parent_pid":167,"started_at":"linux:e38fe28c-62e4-4dca-b85d-c489b0a6d7cd:77","host":"(none)"},"socket_identity":[26,6,13001],"command":["/usr/libexec/ace-worker-gate","mapping","94c8584674cbb7ff3b2aa1151f5c2c3e668c1e6175d7cbf5"],"cwd":"/home/ace-13001"}},"failure_digest":"3afcd1d54be554255400ac83375093bd52ec9dd0f68625ceccf4eb969c8530c7","failure_ref":"evidence/imports/launch-failure-launch-04e3bcfabfe79824f74fa1bf-3afcd1d54be554255400ac83375093bd52ec9dd0f68625ceccf4eb969c8530c7","abort_observation":{"process_identity":{"pid":2728,"uid":13001,"started_at":"linux:e38fe28c-62e4-4dca-b85d-c489b0a6d7cd:483","host":"(none)","gid":13001,"groups":[13001],"parent_pid":221},"exit_observed_at":"2026-10-05T04:43:36.781928Z","bootstrap_sha256":"56680e55674cb72c8e6b685e116e4d2f1dfe91bf31564c37247dcfdc40edf612","server_identity":{"pid":221,"uid":13001,"gid":13001,"groups":[13001],"parent_pid":167,"started_at":"linux:e38fe28c-62e4-4dca-b85d-c489b0a6d7cd:77","host":"(none)"},"release":"not_issued","yama":2,"capability_sets":"empty","no_new_privs":1},"required_action":null,"journal_commit":"f0c2ad06131f9b0736957482e73bae1761119885"}
ACE_CASE {"mode":"lostrelease","state":{"assignment_id":"fixture-lostrelease","scope":"010","project_id":"project","task_id":"09j","base_head":"bf09b209902df16ef0bda471d13aaf9612a1bb25","actor":"worker","role":"worker","runtime":"herdr","launcher_identity":{"pid":4094,"uid":13002,"started_at":"linux:e38fe28c-62e4-4dca-b85d-c489b0a6d7cd:577","host":"(none)","gid":13002,"groups":[13002],"parent_pid":167},"launch_ticket":"a8e31b8f2b685417b3877f2f259dc1b622ad815528e59dcf","attempt_id":"launch-4ea086d0bbc15eb39089fd48","phase":"bound","mapping_id":"mapping","reservation_generation":1,"handshake_deadline":"2026-10-05T04:44:07.176957Z","generation":3,"process_binding":{"runtime":"herdr","session":"w1","pane":"w1:p5","terminal_id":"term_65d10867e45315","process_identity":{"pid":4779,"uid":13001,"started_at":"linux:e38fe28c-62e4-4dca-b85d-c489b0a6d7cd:647","host":"(none)","gid":13001,"groups":[13001],"parent_pid":221},"shell_identity":{"pid":4779,"uid":13001,"started_at":"linux:e38fe28c-62e4-4dca-b85d-c489b0a6d7cd:647","host":"(none)","gid":13001,"groups":[13001],"parent_pid":221},"native_origin":{"workspace":"w1","tab":"w1:t5","pane":"w1:p5","server_identity":{"pid":221,"uid":13001,"gid":13001,"groups":[13001],"parent_pid":167,"started_at":"linux:e38fe28c-62e4-4dca-b85d-c489b0a6d7cd:77","host":"(none)"},"socket_identity":[26,6,13001],"command":["/usr/libexec/ace-worker-gate","mapping","a8e31b8f2b685417b3877f2f259dc1b622ad815528e59dcf"],"cwd":"/home/ace-13001"}},"journal_commit":"faddafa264292e8e46893da96e787827497134a2"},"binding":{"runtime":"herdr","session":"w1","pane":"w1:p5","terminal_id":"term_65d10867e45315","process_identity":{"pid":4779,"uid":13001,"started_at":"linux:e38fe28c-62e4-4dca-b85d-c489b0a6d7cd:647","host":"(none)","gid":13001,"groups":[13001],"parent_pid":221},"shell_identity":{"pid":4779,"uid":13001,"started_at":"linux:e38fe28c-62e4-4dca-b85d-c489b0a6d7cd:647","host":"(none)","gid":13001,"groups":[13001],"parent_pid":221},"native_origin":{"workspace":"w1","tab":"w1:t5","pane":"w1:p5","server_identity":{"pid":221,"uid":13001,"gid":13001,"groups":[13001],"parent_pid":167,"started_at":"linux:e38fe28c-62e4-4dca-b85d-c489b0a6d7cd:77","host":"(none)"},"socket_identity":[26,6,13001],"command":["/usr/libexec/ace-worker-gate","mapping","a8e31b8f2b685417b3877f2f259dc1b622ad815528e59dcf"],"cwd":"/home/ace-13001"}}}
ACE_CASE {"mode":"lostrelease","state":{"assignment_id":"fixture-lostrelease","scope":"010","project_id":"project","task_id":"09j","base_head":"bf09b209902df16ef0bda471d13aaf9612a1bb25","actor":"worker","role":"worker","runtime":"herdr","launcher_identity":{"pid":4094,"uid":13002,"started_at":"linux:e38fe28c-62e4-4dca-b85d-c489b0a6d7cd:577","host":"(none)","gid":13002,"groups":[13002],"parent_pid":167},"launch_ticket":"a8e31b8f2b685417b3877f2f259dc1b622ad815528e59dcf","attempt_id":"launch-4ea086d0bbc15eb39089fd48","phase":"issued","mapping_id":"mapping","reservation_generation":1,"handshake_deadline":"2026-10-05T04:44:07.176957Z","generation":4,"process_binding":{"runtime":"herdr","session":"w1","pane":"w1:p5","terminal_id":"term_65d10867e45315","process_identity":{"pid":4779,"uid":13001,"started_at":"linux:e38fe28c-62e4-4dca-b85d-c489b0a6d7cd:647","host":"(none)","gid":13001,"groups":[13001],"parent_pid":221},"shell_identity":{"pid":4779,"uid":13001,"started_at":"linux:e38fe28c-62e4-4dca-b85d-c489b0a6d7cd:647","host":"(none)","gid":13001,"groups":[13001],"parent_pid":221},"native_origin":{"workspace":"w1","tab":"w1:t5","pane":"w1:p5","server_identity":{"pid":221,"uid":13001,"gid":13001,"groups":[13001],"parent_pid":167,"started_at":"linux:e38fe28c-62e4-4dca-b85d-c489b0a6d7cd:77","host":"(none)"},"socket_identity":[26,6,13001],"command":["/usr/libexec/ace-worker-gate","mapping","a8e31b8f2b685417b3877f2f259dc1b622ad815528e59dcf"],"cwd":"/home/ace-13001"}},"execution":"potentially_executed","journal_commit":"01766a2b53a5b26f7b8325e9d8e4cd1bdd9e08cc"},"replayed":true}
{"assignment_id":"fixture-lostrelease","scope":"010","project_id":"project","task_id":"09j","base_head":"bf09b209902df16ef0bda471d13aaf9612a1bb25","actor":"worker","role":"worker","runtime":"herdr","launcher_identity":{"pid":4094,"uid":13002,"started_at":"linux:e38fe28c-62e4-4dca-b85d-c489b0a6d7cd:577","host":"(none)","gid":13002,"groups":[13002],"parent_pid":167},"launch_ticket":"a8e31b8f2b685417b3877f2f259dc1b622ad815528e59dcf","attempt_id":"launch-4ea086d0bbc15eb39089fd48","phase":"uncertain","mapping_id":"mapping","reservation_generation":1,"handshake_deadline":"2026-10-05T04:44:07.176957Z","generation":5,"process_binding":{"runtime":"herdr","session":"w1","pane":"w1:p5","terminal_id":"term_65d10867e45315","process_identity":{"pid":4779,"uid":13001,"started_at":"linux:e38fe28c-62e4-4dca-b85d-c489b0a6d7cd:647","host":"(none)","gid":13001,"groups":[13001],"parent_pid":221},"shell_identity":{"pid":4779,"uid":13001,"started_at":"linux:e38fe28c-62e4-4dca-b85d-c489b0a6d7cd:647","host":"(none)","gid":13001,"groups":[13001],"parent_pid":221},"native_origin":{"workspace":"w1","tab":"w1:t5","pane":"w1:p5","server_identity":{"pid":221,"uid":13001,"gid":13001,"groups":[13001],"parent_pid":167,"started_at":"linux:e38fe28c-62e4-4dca-b85d-c489b0a6d7cd:77","host":"(none)"},"socket_identity":[26,6,13001],"command":["/usr/libexec/ace-worker-gate","mapping","a8e31b8f2b685417b3877f2f259dc1b622ad815528e59dcf"],"cwd":"/home/ace-13001"}},"execution":"potentially_executed","failure_digest":"3afcd1d54be554255400ac83375093bd52ec9dd0f68625ceccf4eb969c8530c7","failure_ref":"evidence/imports/launch-failure-launch-4ea086d0bbc15eb39089fd48-3afcd1d54be554255400ac83375093bd52ec9dd0f68625ceccf4eb969c8530c7","abort_observation":null,"required_action":"supervisor_inspect_exact_child_and_release_uncertainty","journal_commit":"55fa92b9f8e70970f0be15545599684103f190de"}
ACE_CASE {"mode":"lostcreation","state":{"assignment_id":"fixture-lostcreation","scope":"010","project_id":"project","task_id":"09j","base_head":"bf09b209902df16ef0bda471d13aaf9612a1bb25","actor":"worker","role":"worker","runtime":"herdr","launcher_identity":{"pid":7155,"uid":13002,"started_at":"linux:e38fe28c-62e4-4dca-b85d-c489b0a6d7cd:796","host":"(none)","gid":13002,"groups":[13002],"parent_pid":167},"launch_ticket":"d56639104eafb4a18618474bfa37774cf9018c1b71829f10","attempt_id":"launch-a7b7132c18bdb596a08dfa2b","phase":"reserved","mapping_id":"mapping","reservation_generation":1,"handshake_deadline":"2026-10-05T04:44:09.395248Z","generation":1,"journal_commit":"a66b0ead2784fa185a436444d4baa25e2975b247"},"replayed":true}
ACE_CASE {"mode":"lostreserve","state":{"assignment_id":"fixture-lostreserve","scope":"010","project_id":"project","task_id":"09j","base_head":"bf09b209902df16ef0bda471d13aaf9612a1bb25","actor":"worker","role":"worker","runtime":"herdr","launcher_identity":{"pid":9378,"uid":13002,"started_at":"linux:e38fe28c-62e4-4dca-b85d-c489b0a6d7cd:975","host":"(none)","gid":13002,"groups":[13002],"parent_pid":167},"launch_ticket":"b0fb59badcb6a97a8a8b0dccd86ab4b87d3d826932c8240d","attempt_id":"launch-1432fd3f4f734c2ed1973b14","phase":"reserved","mapping_id":"mapping","reservation_generation":1,"handshake_deadline":"2026-10-05T04:44:11.219580Z","generation":1,"journal_commit":"050d5057ed79af5ab6dfe0300af7bd3cc959173a"},"replayed":true}
ACE_CASE {"mode":"prespawn","state":{"assignment_id":"fixture-prespawn","scope":"010","project_id":"project","task_id":"09j","base_head":"bf09b209902df16ef0bda471d13aaf9612a1bb25","actor":"worker","role":"worker","runtime":"herdr","launcher_identity":{"pid":11214,"uid":13002,"started_at":"linux:e38fe28c-62e4-4dca-b85d-c489b0a6d7cd:1050","host":"(none)","gid":13002,"groups":[13002],"parent_pid":167},"launch_ticket":"e85c3a267fa01192eadcdbf76bfcd5d36be3cdbe75188b27","attempt_id":"launch-66d1a8971a4cc0e6c28e7070","phase":"reserved","mapping_id":"mapping","reservation_generation":1,"handshake_deadline":"2026-10-05T04:44:11.965703Z","generation":1,"journal_commit":"71e3e2c1e6165a2636bb0a17fdf8ed7f2bd6bb6b"}}
ACE_CASE {"mode":"recordcrash","state":{"assignment_id":"fixture-recordcrash","scope":"010","project_id":"project","task_id":"09j","base_head":"bf09b209902df16ef0bda471d13aaf9612a1bb25","actor":"worker","role":"worker","runtime":"herdr","launcher_identity":{"pid":14192,"uid":13002,"started_at":"linux:e38fe28c-62e4-4dca-b85d-c489b0a6d7cd:1172","host":"(none)","gid":13002,"groups":[13002],"parent_pid":167},"launch_ticket":"2e4bc93fd13d13b721e8126c2ef5f3c82f1857b36c064d92","attempt_id":"launch-e8491817e3704f9df3fad59d","phase":"recorded","mapping_id":"mapping","reservation_generation":1,"handshake_deadline":"2026-10-05T04:44:13.232596Z","generation":2,"process_binding":{"runtime":"herdr","session":"w1","pane":"w1:p8","terminal_id":"term_65d1086da4ab48","process_identity":{"pid":16405,"uid":13001,"started_at":"linux:e38fe28c-62e4-4dca-b85d-c489b0a6d7cd:1251","host":"(none)","gid":13001,"groups":[13001],"parent_pid":221},"shell_identity":{"pid":16405,"uid":13001,"started_at":"linux:e38fe28c-62e4-4dca-b85d-c489b0a6d7cd:1251","host":"(none)","gid":13001,"groups":[13001],"parent_pid":221},"native_origin":{"workspace":"w1","tab":"w1:t8","pane":"w1:p8","server_identity":{"pid":221,"uid":13001,"gid":13001,"groups":[13001],"parent_pid":167,"started_at":"linux:e38fe28c-62e4-4dca-b85d-c489b0a6d7cd:77","host":"(none)"},"socket_identity":[26,6,13001],"command":["/usr/libexec/ace-worker-gate","mapping","2e4bc93fd13d13b721e8126c2ef5f3c82f1857b36c064d92"],"cwd":"/home/ace-13001"}},"journal_commit":"387ee893f882516c72cb7c800d0dbae73cc54ac6"},"binding":{"runtime":"herdr","session":"w1","pane":"w1:p8","terminal_id":"term_65d1086da4ab48","process_identity":{"pid":16405,"uid":13001,"started_at":"linux:e38fe28c-62e4-4dca-b85d-c489b0a6d7cd:1251","host":"(none)","gid":13001,"groups":[13001],"parent_pid":221},"shell_identity":{"pid":16405,"uid":13001,"started_at":"linux:e38fe28c-62e4-4dca-b85d-c489b0a6d7cd:1251","host":"(none)","gid":13001,"groups":[13001],"parent_pid":221},"native_origin":{"workspace":"w1","tab":"w1:t8","pane":"w1:p8","server_identity":{"pid":221,"uid":13001,"gid":13001,"groups":[13001],"parent_pid":167,"started_at":"linux:e38fe28c-62e4-4dca-b85d-c489b0a6d7cd:77","host":"(none)"},"socket_identity":[26,6,13001],"command":["/usr/libexec/ace-worker-gate","mapping","2e4bc93fd13d13b721e8126c2ef5f3c82f1857b36c064d92"],"cwd":"/home/ace-13001"}}}
{"assignment_id":"fixture-recordcrash","scope":"010","project_id":"project","task_id":"09j","base_head":"bf09b209902df16ef0bda471d13aaf9612a1bb25","actor":"worker","role":"worker","runtime":"herdr","launcher_identity":{"pid":14192,"uid":13002,"started_at":"linux:e38fe28c-62e4-4dca-b85d-c489b0a6d7cd:1172","host":"(none)","gid":13002,"groups":[13002],"parent_pid":167},"launch_ticket":"2e4bc93fd13d13b721e8126c2ef5f3c82f1857b36c064d92","attempt_id":"launch-e8491817e3704f9df3fad59d","phase":"failed","mapping_id":"mapping","reservation_generation":1,"handshake_deadline":"2026-10-05T04:44:13.232596Z","generation":3,"process_binding":{"runtime":"herdr","session":"w1","pane":"w1:p8","terminal_id":"term_65d1086da4ab48","process_identity":{"pid":16405,"uid":13001,"started_at":"linux:e38fe28c-62e4-4dca-b85d-c489b0a6d7cd:1251","host":"(none)","gid":13001,"groups":[13001],"parent_pid":221},"shell_identity":{"pid":16405,"uid":13001,"started_at":"linux:e38fe28c-62e4-4dca-b85d-c489b0a6d7cd:1251","host":"(none)","gid":13001,"groups":[13001],"parent_pid":221},"native_origin":{"workspace":"w1","tab":"w1:t8","pane":"w1:p8","server_identity":{"pid":221,"uid":13001,"gid":13001,"groups":[13001],"parent_pid":167,"started_at":"linux:e38fe28c-62e4-4dca-b85d-c489b0a6d7cd:77","host":"(none)"},"socket_identity":[26,6,13001],"command":["/usr/libexec/ace-worker-gate","mapping","2e4bc93fd13d13b721e8126c2ef5f3c82f1857b36c064d92"],"cwd":"/home/ace-13001"}},"failure_digest":"3afcd1d54be554255400ac83375093bd52ec9dd0f68625ceccf4eb969c8530c7","failure_ref":"evidence/imports/launch-failure-launch-e8491817e3704f9df3fad59d-3afcd1d54be554255400ac83375093bd52ec9dd0f68625ceccf4eb969c8530c7","abort_observation":{"process_identity":{"pid":16405,"uid":13001,"started_at":"linux:e38fe28c-62e4-4dca-b85d-c489b0a6d7cd:1251","host":"(none)","gid":13001,"groups":[13001],"parent_pid":221},"exit_observed_at":"2026-10-05T04:43:44.386643Z","bootstrap_sha256":"56680e55674cb72c8e6b685e116e4d2f1dfe91bf31564c37247dcfdc40edf612","server_identity":{"pid":221,"uid":13001,"gid":13001,"groups":[13001],"parent_pid":167,"started_at":"linux:e38fe28c-62e4-4dca-b85d-c489b0a6d7cd:77","host":"(none)"},"release":"not_issued","yama":2,"capability_sets":"empty","no_new_privs":1},"required_action":null,"journal_commit":"9062017b4d74c45b324ef514ae39c728875af060"}
{"assignment_id":"fixture-recordreplycrash","scope":"010","project_id":"project","task_id":"09j","base_head":"bf09b209902df16ef0bda471d13aaf9612a1bb25","actor":"worker","role":"worker","runtime":"herdr","launcher_identity":{"pid":19104,"uid":13002,"started_at":"linux:e38fe28c-62e4-4dca-b85d-c489b0a6d7cd:1341","host":"(none)","gid":13002,"groups":[13002],"parent_pid":167},"launch_ticket":"43da454255ea367f785bf31504f409c56c79fa94f43a37a7","attempt_id":"launch-9f3c3fac467cf0f19ef3f688","phase":"failed","mapping_id":"mapping","reservation_generation":1,"handshake_deadline":"2026-10-05T04:44:14.940643Z","generation":3,"process_binding":{"runtime":"herdr","session":"w1","pane":"w1:p9","terminal_id":"term_65d1086f4508f9","process_identity":{"pid":21364,"uid":13001,"started_at":"linux:e38fe28c-62e4-4dca-b85d-c489b0a6d7cd:1421","host":"(none)","gid":13001,"groups":[13001],"parent_pid":221},"shell_identity":{"pid":21364,"uid":13001,"started_at":"linux:e38fe28c-62e4-4dca-b85d-c489b0a6d7cd:1421","host":"(none)","gid":13001,"groups":[13001],"parent_pid":221},"native_origin":{"workspace":"w1","tab":"w1:t9","pane":"w1:p9","server_identity":{"pid":221,"uid":13001,"gid":13001,"groups":[13001],"parent_pid":167,"started_at":"linux:e38fe28c-62e4-4dca-b85d-c489b0a6d7cd:77","host":"(none)"},"socket_identity":[26,6,13001],"command":["/usr/libexec/ace-worker-gate","mapping","43da454255ea367f785bf31504f409c56c79fa94f43a37a7"],"cwd":"/home/ace-13001"}},"failure_digest":"3afcd1d54be554255400ac83375093bd52ec9dd0f68625ceccf4eb969c8530c7","failure_ref":"evidence/imports/launch-failure-launch-9f3c3fac467cf0f19ef3f688-3afcd1d54be554255400ac83375093bd52ec9dd0f68625ceccf4eb969c8530c7","abort_observation":{"process_identity":{"pid":21364,"uid":13001,"started_at":"linux:e38fe28c-62e4-4dca-b85d-c489b0a6d7cd:1421","host":"(none)","gid":13001,"groups":[13001],"parent_pid":221},"exit_observed_at":"2026-10-05T04:43:46.087888Z","bootstrap_sha256":"56680e55674cb72c8e6b685e116e4d2f1dfe91bf31564c37247dcfdc40edf612","server_identity":{"pid":221,"uid":13001,"gid":13001,"groups":[13001],"parent_pid":167,"started_at":"linux:e38fe28c-62e4-4dca-b85d-c489b0a6d7cd:77","host":"(none)"},"release":"not_issued","yama":2,"capability_sets":"empty","no_new_privs":1},"required_action":null,"journal_commit":"2ff5868e6752966e18c00a525721d5f5d07b9cd8"}
{"assignment_id":"fixture-bindreplycrash","scope":"010","project_id":"project","task_id":"09j","base_head":"bf09b209902df16ef0bda471d13aaf9612a1bb25","actor":"worker","role":"worker","runtime":"herdr","launcher_identity":{"pid":24216,"uid":13002,"started_at":"linux:e38fe28c-62e4-4dca-b85d-c489b0a6d7cd:1510","host":"(none)","gid":13002,"groups":[13002],"parent_pid":167},"launch_ticket":"78e4a1e782faf04a6ea938e610173c3a29d041dd0595fad9","attempt_id":"launch-d4f941ad603baeb828d8a612","phase":"failed","mapping_id":"mapping","reservation_generation":1,"handshake_deadline":"2026-10-05T04:44:16.652380Z","generation":4,"process_binding":{"runtime":"herdr","session":"w1","pane":"w1:pA","terminal_id":"term_65d10870e77fca","process_identity":{"pid":26760,"uid":13001,"started_at":"linux:e38fe28c-62e4-4dca-b85d-c489b0a6d7cd:1593","host":"(none)","gid":13001,"groups":[13001],"parent_pid":221},"shell_identity":{"pid":26760,"uid":13001,"started_at":"linux:e38fe28c-62e4-4dca-b85d-c489b0a6d7cd:1593","host":"(none)","gid":13001,"groups":[13001],"parent_pid":221},"native_origin":{"workspace":"w1","tab":"w1:tA","pane":"w1:pA","server_identity":{"pid":221,"uid":13001,"gid":13001,"groups":[13001],"parent_pid":167,"started_at":"linux:e38fe28c-62e4-4dca-b85d-c489b0a6d7cd:77","host":"(none)"},"socket_identity":[26,6,13001],"command":["/usr/libexec/ace-worker-gate","mapping","78e4a1e782faf04a6ea938e610173c3a29d041dd0595fad9"],"cwd":"/home/ace-13001"}},"failure_digest":"3afcd1d54be554255400ac83375093bd52ec9dd0f68625ceccf4eb969c8530c7","failure_ref":"evidence/imports/launch-failure-launch-d4f941ad603baeb828d8a612-3afcd1d54be554255400ac83375093bd52ec9dd0f68625ceccf4eb969c8530c7","abort_observation":{"process_identity":{"pid":26760,"uid":13001,"started_at":"linux:e38fe28c-62e4-4dca-b85d-c489b0a6d7cd:1593","host":"(none)","gid":13001,"groups":[13001],"parent_pid":221},"exit_observed_at":"2026-10-05T04:43:47.971197Z","bootstrap_sha256":"56680e55674cb72c8e6b685e116e4d2f1dfe91bf31564c37247dcfdc40edf612","server_identity":{"pid":221,"uid":13001,"gid":13001,"groups":[13001],"parent_pid":167,"started_at":"linux:e38fe28c-62e4-4dca-b85d-c489b0a6d7cd:77","host":"(none)"},"release":"not_issued","yama":2,"capability_sets":"empty","no_new_privs":1},"required_action":null,"journal_commit":"10071993ec16b2728a47948c3c3c81ea3ef65c6d"}
ACE_CASE {"mode":"lostrecord","state":{"assignment_id":"fixture-lostrecord","scope":"010","project_id":"project","task_id":"09j","base_head":"bf09b209902df16ef0bda471d13aaf9612a1bb25","actor":"worker","role":"worker","runtime":"herdr","launcher_identity":{"pid":30570,"uid":13002,"started_at":"linux:e38fe28c-62e4-4dca-b85d-c489b0a6d7cd:1700","host":"(none)","gid":13002,"groups":[13002],"parent_pid":167},"launch_ticket":"4e36293a074272950aea62f48c7ac2bd219b6acfcafa1e90","attempt_id":"launch-96a101c776ec4bb8f754d87f","phase":"bound","mapping_id":"mapping","reservation_generation":1,"handshake_deadline":"2026-10-05T04:44:18.588207Z","generation":3,"process_binding":{"runtime":"herdr","session":"w1","pane":"w1:pB","terminal_id":"term_65d10872bf768b","process_identity":{"pid":607,"uid":13001,"started_at":"linux:e38fe28c-62e4-4dca-b85d-c489b0a6d7cd:1786","host":"(none)","gid":13001,"groups":[13001],"parent_pid":221},"shell_identity":{"pid":607,"uid":13001,"started_at":"linux:e38fe28c-62e4-4dca-b85d-c489b0a6d7cd:1786","host":"(none)","gid":13001,"groups":[13001],"parent_pid":221},"native_origin":{"workspace":"w1","tab":"w1:tB","pane":"w1:pB","server_identity":{"pid":221,"uid":13001,"gid":13001,"groups":[13001],"parent_pid":167,"started_at":"linux:e38fe28c-62e4-4dca-b85d-c489b0a6d7cd:77","host":"(none)"},"socket_identity":[26,6,13001],"command":["/usr/libexec/ace-worker-gate","mapping","4e36293a074272950aea62f48c7ac2bd219b6acfcafa1e90"],"cwd":"/home/ace-13001"}},"journal_commit":"cd0441a8dcb552d75f63a1e1a267ed31e2f900ba"},"binding":{"runtime":"herdr","session":"w1","pane":"w1:pB","terminal_id":"term_65d10872bf768b","process_identity":{"pid":607,"uid":13001,"started_at":"linux:e38fe28c-62e4-4dca-b85d-c489b0a6d7cd:1786","host":"(none)","gid":13001,"groups":[13001],"parent_pid":221},"shell_identity":{"pid":607,"uid":13001,"started_at":"linux:e38fe28c-62e4-4dca-b85d-c489b0a6d7cd:1786","host":"(none)","gid":13001,"groups":[13001],"parent_pid":221},"native_origin":{"workspace":"w1","tab":"w1:tB","pane":"w1:pB","server_identity":{"pid":221,"uid":13001,"gid":13001,"groups":[13001],"parent_pid":167,"started_at":"linux:e38fe28c-62e4-4dca-b85d-c489b0a6d7cd:77","host":"(none)"},"socket_identity":[26,6,13001],"command":["/usr/libexec/ace-worker-gate","mapping","4e36293a074272950aea62f48c7ac2bd219b6acfcafa1e90"],"cwd":"/home/ace-13001"}}}
ACE_CASE {"mode":"lostbind","state":{"assignment_id":"fixture-lostbind","scope":"010","project_id":"project","task_id":"09j","base_head":"bf09b209902df16ef0bda471d13aaf9612a1bb25","actor":"worker","role":"worker","runtime":"herdr","launcher_identity":{"pid":5411,"uid":13002,"started_at":"linux:e38fe28c-62e4-4dca-b85d-c489b0a6d7cd:1916","host":"(none)","gid":13002,"groups":[13002],"parent_pid":167},"launch_ticket":"42e21f258b6b0d54e43b3efef81738921142bb4fa3190c6d","attempt_id":"launch-3467dcdeded3eff0013beed8","phase":"bound","mapping_id":"mapping","reservation_generation":1,"handshake_deadline":"2026-10-05T04:44:20.751079Z","generation":3,"process_binding":{"runtime":"herdr","session":"w1","pane":"w1:pC","terminal_id":"term_65d10874cedcac","process_identity":{"pid":8103,"uid":13001,"started_at":"linux:e38fe28c-62e4-4dca-b85d-c489b0a6d7cd:2002","host":"(none)","gid":13001,"groups":[13001],"parent_pid":221},"shell_identity":{"pid":8103,"uid":13001,"started_at":"linux:e38fe28c-62e4-4dca-b85d-c489b0a6d7cd:2002","host":"(none)","gid":13001,"groups":[13001],"parent_pid":221},"native_origin":{"workspace":"w1","tab":"w1:tC","pane":"w1:pC","server_identity":{"pid":221,"uid":13001,"gid":13001,"groups":[13001],"parent_pid":167,"started_at":"linux:e38fe28c-62e4-4dca-b85d-c489b0a6d7cd:77","host":"(none)"},"socket_identity":[26,6,13001],"command":["/usr/libexec/ace-worker-gate","mapping","42e21f258b6b0d54e43b3efef81738921142bb4fa3190c6d"],"cwd":"/home/ace-13001"}},"journal_commit":"49a73a30d6d61115dbea099f91c6846a452100fe"},"binding":{"runtime":"herdr","session":"w1","pane":"w1:pC","terminal_id":"term_65d10874cedcac","process_identity":{"pid":8103,"uid":13001,"started_at":"linux:e38fe28c-62e4-4dca-b85d-c489b0a6d7cd:2002","host":"(none)","gid":13001,"groups":[13001],"parent_pid":221},"shell_identity":{"pid":8103,"uid":13001,"started_at":"linux:e38fe28c-62e4-4dca-b85d-c489b0a6d7cd:2002","host":"(none)","gid":13001,"groups":[13001],"parent_pid":221},"native_origin":{"workspace":"w1","tab":"w1:tC","pane":"w1:pC","server_identity":{"pid":221,"uid":13001,"gid":13001,"groups":[13001],"parent_pid":167,"started_at":"linux:e38fe28c-62e4-4dca-b85d-c489b0a6d7cd:77","host":"(none)"},"socket_identity":[26,6,13001],"command":["/usr/libexec/ace-worker-gate","mapping","42e21f258b6b0d54e43b3efef81738921142bb4fa3190c6d"],"cwd":"/home/ace-13001"}}}
ACE_CASE {"mode":"authorityloss","state":{"assignment_id":"fixture-authorityloss","scope":"010","project_id":"project","task_id":"09j","base_head":"bf09b209902df16ef0bda471d13aaf9612a1bb25","actor":"worker","role":"worker","runtime":"herdr","launcher_identity":{"pid":12991,"uid":13002,"started_at":"linux:e38fe28c-62e4-4dca-b85d-c489b0a6d7cd:2117","host":"(none)","gid":13002,"groups":[13002],"parent_pid":167},"launch_ticket":"f7742fb129c6e4519ada74724d4713764cc0e2e8d5997171","attempt_id":"launch-6e2fc61e09ef17d038b6b440","phase":"bound","mapping_id":"mapping","reservation_generation":1,"handshake_deadline":"2026-10-05T04:44:22.802783Z","generation":3,"process_binding":{"runtime":"herdr","session":"w1","pane":"w1:pD","terminal_id":"term_65d10876c4640d","process_identity":{"pid":15813,"uid":13001,"started_at":"linux:e38fe28c-62e4-4dca-b85d-c489b0a6d7cd:2207","host":"(none)","gid":13001,"groups":[13001],"parent_pid":221},"shell_identity":{"pid":15813,"uid":13001,"started_at":"linux:e38fe28c-62e4-4dca-b85d-c489b0a6d7cd:2207","host":"(none)","gid":13001,"groups":[13001],"parent_pid":221},"native_origin":{"workspace":"w1","tab":"w1:tD","pane":"w1:pD","server_identity":{"pid":221,"uid":13001,"gid":13001,"groups":[13001],"parent_pid":167,"started_at":"linux:e38fe28c-62e4-4dca-b85d-c489b0a6d7cd:77","host":"(none)"},"socket_identity":[26,6,13001],"command":["/usr/libexec/ace-worker-gate","mapping","f7742fb129c6e4519ada74724d4713764cc0e2e8d5997171"],"cwd":"/home/ace-13001"}},"journal_commit":"c6ec227172dba823df17eb981f46934aa672edd9"},"binding":{"runtime":"herdr","session":"w1","pane":"w1:pD","terminal_id":"term_65d10876c4640d","process_identity":{"pid":15813,"uid":13001,"started_at":"linux:e38fe28c-62e4-4dca-b85d-c489b0a6d7cd:2207","host":"(none)","gid":13001,"groups":[13001],"parent_pid":221},"shell_identity":{"pid":15813,"uid":13001,"started_at":"linux:e38fe28c-62e4-4dca-b85d-c489b0a6d7cd:2207","host":"(none)","gid":13001,"groups":[13001],"parent_pid":221},"native_origin":{"workspace":"w1","tab":"w1:tD","pane":"w1:pD","server_identity":{"pid":221,"uid":13001,"gid":13001,"groups":[13001],"parent_pid":167,"started_at":"linux:e38fe28c-62e4-4dca-b85d-c489b0a6d7cd:77","host":"(none)"},"socket_identity":[26,6,13001],"command":["/usr/libexec/ace-worker-gate","mapping","f7742fb129c6e4519ada74724d4713764cc0e2e8d5997171"],"cwd":"/home/ace-13001"}}}
{"assignment_id":"fixture-authorityloss","attempt_id":"launch-6e2fc61e09ef17d038b6b440","phase":"uncertain","scope":"010","launch_ticket":"f7742fb129c6e4519ada74724d4713764cc0e2e8d5997171","reservation_generation":1,"generation":3,"handshake_deadline":"2026-10-05T04:44:22.802783Z","process_binding":{"runtime":"herdr","session":"w1","pane":"w1:pD","terminal_id":"term_65d10876c4640d","process_identity":{"pid":15813,"uid":13001,"started_at":"linux:e38fe28c-62e4-4dca-b85d-c489b0a6d7cd:2207","host":"(none)","gid":13001,"groups":[13001],"parent_pid":221},"shell_identity":{"pid":15813,"uid":13001,"started_at":"linux:e38fe28c-62e4-4dca-b85d-c489b0a6d7cd:2207","host":"(none)","gid":13001,"groups":[13001],"parent_pid":221},"native_origin":{"workspace":"w1","tab":"w1:tD","pane":"w1:pD","server_identity":{"pid":221,"uid":13001,"gid":13001,"groups":[13001],"parent_pid":167,"started_at":"linux:e38fe28c-62e4-4dca-b85d-c489b0a6d7cd:77","host":"(none)"},"socket_identity":[26,6,13001],"command":["/usr/libexec/ace-worker-gate","mapping","f7742fb129c6e4519ada74724d4713764cc0e2e8d5997171"],"cwd":"/home/ace-13001"}},"launcher_identity":{"pid":12991,"uid":13002,"started_at":"linux:e38fe28c-62e4-4dca-b85d-c489b0a6d7cd:2117","host":"(none)","gid":13002,"groups":[13002],"parent_pid":167},"mapping_id":"mapping","required_action":"supervisor_inspect_exact_child_and_release_uncertainty","journal_commit":"c6ec227172dba823df17eb981f46934aa672edd9"}
Error: protected authority refused (evidence_unavailable)
Error: native endpoint generation or version changed
Error: protected authority refused (evidence_unavailable)
Error: protected authority refused (evidence_unavailable)
Error: protected authority refused (evidence_unavailable)
Error: native control response is invalid
Error: exact kernel process is unavailable
herdr server running; you can use any herdr CLI command in another terminal.
api socket: /run/ace-native/control.sock
client socket: /run/ace-native/control-client.sock
logs: /var/lib/ace-native-home/.config/herdr/herdr-server.log
did you mean to open the Herdr TUI? run `herdr`; you do not need `herdr server`.
Error: protected path ownership or ancestry is unsafe
Error: protected endpoint is unavailable
Traceback (most recent call last):
  File "<string>", line 1, in <module>
PermissionError: [Errno 13] Permission denied
{"project_id":"project","runtime":"herdr","supported":true}
{"assignment_id":"fixture-native-restart","scope":"010","project_id":"project","task_id":"09j","base_head":"bf09b209902df16ef0bda471d13aaf9612a1bb25","actor":"worker","role":"worker","runtime":"herdr","launcher_identity":{"pid":19069,"uid":13002,"started_at":"linux:e38fe28c-62e4-4dca-b85d-c489b0a6d7cd:2799","host":"(none)","gid":13002,"groups":[13002],"parent_pid":167},"launch_ticket":"7c1584ab7155038235444f42a73337dc56f5e711746b734d","attempt_id":"launch-22558f3c11fe3371263202dc","phase":"issued","mapping_id":"mapping","reservation_generation":1,"handshake_deadline":"2026-10-05T04:44:29.949661Z","generation":4,"process_binding":{"runtime":"herdr","session":"w1","pane":"w1:p2","terminal_id":"term_65d1087d9a82a2","process_identity":{"pid":21162,"uid":13001,"started_at":"linux:e38fe28c-62e4-4dca-b85d-c489b0a6d7cd:2924","host":"(none)","gid":13001,"groups":[13001],"parent_pid":18972},"shell_identity":{"pid":21162,"uid":13001,"started_at":"linux:e38fe28c-62e4-4dca-b85d-c489b0a6d7cd:2924","host":"(none)","gid":13001,"groups":[13001],"parent_pid":18972},"native_origin":{"workspace":"w1","tab":"w1:t2","pane":"w1:p2","server_identity":{"pid":18972,"uid":13001,"gid":13001,"groups":[13001],"parent_pid":167,"started_at":"linux:e38fe28c-62e4-4dca-b85d-c489b0a6d7cd:2651","host":"(none)"},"socket_identity":[26,12,13001],"command":["/usr/libexec/ace-worker-gate","mapping","7c1584ab7155038235444f42a73337dc56f5e711746b734d"],"cwd":"/home/ace-13001"}},"execution":"potentially_executed","journal_commit":"fa56800f9ee8e98689704bba985d3b20d7d7e4d1"}
ACE_INSTALLED_PROOF {"scope": "isolated installed gate, not actual Lab/gad.2 acceptance", "source_head": "e2d3dad3e3c93247e0d741ddaef3cf07cddaa46f", "kernel": "6.1.0-53-arm64", "boot_id": "e38fe28c-62e4-4dca-b85d-c489b0a6d7cd", "outer_kernel": {"kernel": "7.0.11-orbstack-00360-gc9bc4d96ac70", "boot_id": "deac0dbe-b3f9-4554-86a9-75b63ce5e646", "yama": "0"}, "gems": [{"name": "ace-assign", "version": "0.63.1", "file": "ace-assign-0.63.1.gem", "dependencies": [{"name": "ace-support-cli", "requirement": "~> 0.6", "local": true}, {"name": "ace-support-core", "requirement": "~> 0.31", "local": true}, {"name": "ace-support-config", "requirement": "~> 0.18", "local": true}, {"name": "ace-support-nav", "requirement": "~> 0.28", "local": true}, {"name": "ace-b36ts", "requirement": "~> 0.14", "local": true}, {"name": "ace-support-markdown", "requirement": "~> 0.3", "local": true}, {"name": "ace-llm", "requirement": "~> 0.39", "local": true}, {"name": "ace-review", "requirement": "~> 0.57", "local": true}, {"name": "ace-task", "requirement": "~> 0.37", "local": true}, {"name": "ace-runtime", "requirement": "~> 0.1", "local": true}, {"name": "ace-tmux", "requirement": "~> 0.18", "local": true}, {"name": "ace-herdr", "requirement": "~> 0.3.2", "local": true}]}, {"name": "ace-b36ts", "version": "0.14.11", "file": "ace-b36ts-0.14.11.gem", "dependencies": [{"name": "ace-support-config", "requirement": "~> 0.18", "local": true}, {"name": "ace-support-core", "requirement": "~> 0.31", "local": true}, {"name": "ace-support-cli", "requirement": "~> 0.6", "local": true}]}, {"name": "ace-bundle", "version": "0.44.2", "file": "ace-bundle-0.44.2.gem", "dependencies": [{"name": "ace-support-cli", "requirement": "~> 0.6", "local": true}, {"name": "ace-support-config", "requirement": "~> 0.18", "local": true}, {"name": "ace-support-core", "requirement": "~> 0.32", "local": true}, {"name": "ace-support-fs", "requirement": "~> 0.3", "local": true}, {"name": "ace-git", "requirement": "~> 0.24", "local": true}, {"name": "ace-git-github", "requirement": "~> 0.2", "local": true}, {"name": "ace-support-nav", "requirement": "~> 0.28", "local": true}, {"name": "ace-compressor", "requirement": "~> 0.25", "local": true}]}, {"name": "ace-compressor", "version": "0.25.5", "file": "ace-compressor-0.25.5.gem", "dependencies": [{"name": "ace-support-config", "requirement": "~> 0.18", "local": true}, {"name": "ace-support-core", "requirement": "~> 0.31", "local": true}, {"name": "ace-support-cli", "requirement": "~> 0.6", "local": true}]}, {"name": "ace-git", "version": "0.28.1", "file": "ace-git-0.28.1.gem", "dependencies": [{"name": "ace-support-config", "requirement": "~> 0.18", "local": true}, {"name": "ace-support-core", "requirement": "~> 0.31", "local": true}, {"name": "ace-support-cli", "requirement": "~> 0.6", "local": true}]}, {"name": "ace-git-forgejo", "version": "0.6.1", "file": "ace-git-forgejo-0.6.1.gem", "dependencies": [{"name": "ace-git", "requirement": "~> 0.26", "local": true}, {"name": "faraday", "requirement": "~> 2.14", "local": false}, {"name": "faraday-retry", "requirement": "~> 2.4", "local": false}]}, {"name": "ace-git-github", "version": "0.4.0", "file": "ace-git-github-0.4.0.gem", "dependencies": [{"name": "ace-git", "requirement": "~> 0.26", "local": true}]}, {"name": "ace-herdr", "version": "0.3.2", "file": "ace-herdr-0.3.2.gem", "dependencies": [{"name": "ace-hitl-contract", "requirement": "~> 0.1", "local": true}, {"name": "ace-runtime", "requirement": "~> 0.1", "local": true}, {"name": "ace-support-cli", "requirement": "~> 0.6", "local": true}, {"name": "ace-support-core", "requirement": "~> 0.31", "local": true}, {"name": "ace-support-config", "requirement": "~> 0.18", "local": true}]}, {"name": "ace-hitl-contract", "version": "0.1.0", "file": "ace-hitl-contract-0.1.0.gem", "dependencies": []}, {"name": "ace-llm", "version": "0.42.0", "file": "ace-llm-0.42.0.gem", "dependencies": [{"name": "ace-support-cli", "requirement": "~> 0.6", "local": true}, {"name": "ace-support-config", "requirement": "~> 0.18", "local": true}, {"name": "ace-support-core", "requirement": "~> 0.31", "local": true}, {"name": "ace-support-models", "requirement": "~> 0.12", "local": true}, {"name": "faraday", "requirement": "~> 2.14", "local": false}, {"name": "addressable", "requirement": "~> 2.9", "local": false}, {"name": "kramdown", "requirement": "~> 2.5", "local": false}, {"name": "kramdown-parser-gfm", "requirement": "~> 1.1", "local": false}]}, {"name": "ace-review", "version": "0.58.1", "file": "ace-review-0.58.1.gem", "dependencies": [{"name": "ace-support-cli", "requirement": "~> 0.6", "local": true}, {"name": "ace-support-config", "requirement": "~> 0.18", "local": true}, {"name": "ace-b36ts", "requirement": "~> 0.14", "local": true}, {"name": "ace-support-core", "requirement": "~> 0.32", "local": true}, {"name": "ace-bundle", "requirement": "~> 0.44", "local": true}, {"name": "ace-compressor", "requirement": "~> 0.25", "local": true}, {"name": "ace-git", "requirement": "~> 0.26", "local": true}, {"name": "ace-git-github", "requirement": "~> 0.3", "local": true}, {"name": "ace-git-forgejo", "requirement": "~> 0.4", "local": true}, {"name": "ace-support-nav", "requirement": "~> 0.28", "local": true}, {"name": "ace-llm", "requirement": "~> 0.41", "local": true}, {"name": "ace-task", "requirement": "~> 0.37", "local": true}]}, {"name": "ace-runtime", "version": "0.1.1", "file": "ace-runtime-0.1.1.gem", "dependencies": [{"name": "fiddle", "requirement": ">= 1.1, < 2", "local": false}, {"name": "ace-support-cli", "requirement": "~> 0.6", "local": true}, {"name": "ace-support-config", "requirement": "~> 0.18", "local": true}, {"name": "ace-support-core", "requirement": "~> 0.31", "local": true}]}, {"name": "ace-support-cli", "version": "0.6.9", "file": "ace-support-cli-0.6.9.gem", "dependencies": []}, {"name": "ace-support-config", "version": "0.18.2", "file": "ace-support-config-0.18.2.gem", "dependencies": [{"name": "ace-support-fs", "requirement": "~> 0.3", "local": true}]}, {"name": "ace-support-core", "version": "0.32.0", "file": "ace-support-core-0.32.0.gem", "dependencies": [{"name": "ace-support-config", "requirement": "~> 0.18", "local": true}, {"name": "ace-support-fs", "requirement": "~> 0.3", "local": true}, {"name": "ace-support-cli", "requirement": "~> 0.6", "local": true}]}, {"name": "ace-support-fs", "version": "0.3.4", "file": "ace-support-fs-0.3.4.gem", "dependencies": []}, {"name": "ace-support-items", "version": "0.15.13", "file": "ace-support-items-0.15.13.gem", "dependencies": [{"name": "ace-support-core", "requirement": "~> 0.31", "local": true}, {"name": "ace-b36ts", "requirement": "~> 0.14", "local": true}]}, {"name": "ace-support-markdown", "version": "0.3.6", "file": "ace-support-markdown-0.3.6.gem", "dependencies": [{"name": "kramdown", "requirement": "~> 2.5", "local": false}, {"name": "kramdown-parser-gfm", "requirement": "~> 1.1", "local": false}]}, {"name": "ace-support-models", "version": "0.12.4", "file": "ace-support-models-0.12.4.gem", "dependencies": [{"name": "ace-support-core", "requirement": "~> 0.31", "local": true}, {"name": "ace-support-cli", "requirement": "~> 0.6", "local": true}, {"name": "faraday", "requirement": "~> 2.14", "local": false}, {"name": "faraday-retry", "requirement": "~> 2.4", "local": false}]}, {"name": "ace-support-nav", "version": "0.28.7", "file": "ace-support-nav-0.28.7.gem", "dependencies": [{"name": "ace-support-cli", "requirement": "~> 0.6", "local": true}, {"name": "ace-support-core", "requirement": "~> 0.31", "local": true}, {"name": "ace-support-config", "requirement": "~> 0.18", "local": true}, {"name": "ace-support-fs", "requirement": "~> 0.3", "local": true}]}, {"name": "ace-task", "version": "0.39.1", "file": "ace-task-0.39.1.gem", "dependencies": [{"name": "ace-support-core", "requirement": "~> 0.31", "local": true}, {"name": "ace-support-fs", "requirement": "~> 0.3", "local": true}, {"name": "ace-support-items", "requirement": "~> 0.15", "local": true}, {"name": "ace-support-markdown", "requirement": "~> 0.3", "local": true}, {"name": "ace-b36ts", "requirement": "~> 0.14", "local": true}, {"name": "ace-git", "requirement": "~> 0.27", "local": true}, {"name": "ace-git-github", "requirement": "~> 0.4", "local": true}, {"name": "ace-git-forgejo", "requirement": "~> 0.5", "local": true}, {"name": "ace-support-cli", "requirement": "~> 0.6", "local": true}]}, {"name": "ace-tmux", "version": "0.18.0", "file": "ace-tmux-0.18.0.gem", "dependencies": [{"name": "ace-support-cli", "requirement": "~> 0.6", "local": true}, {"name": "ace-support-core", "requirement": "~> 0.31", "local": true}, {"name": "ace-support-config", "requirement": "~> 0.18", "local": true}, {"name": "ace-support-fs", "requirement": "~> 0.3", "local": true}, {"name": "ace-runtime", "requirement": "~> 0.1", "local": true}]}], "installed_bootstrap_sha256": "56680e55674cb72c8e6b685e116e4d2f1dfe91bf31564c37247dcfdc40edf612", "post_exec_suid": {"root_installed_mode": "4755", "effective_uid": 13001, "no_new_privs": 1}, "hostile_worker": {"ptrace": {"result": -1, "errno": 1}, "process_vm_readv": {"result": -1, "errno": 1}, "process_vm_writev": {"result": -1, "errno": 1}, "process_mem_write": 13, "server_mem": 13, "authority_journal": 13, "bootstrap_write": 13, "mapping_write": 13, "native_config_write": 13, "setuid_root": 1}, "server_identity": {"pid": 221, "uid": 13001, "gid": 13001, "groups": [13001], "parent_pid": 167, "started_at": "linux:e38fe28c-62e4-4dca-b85d-c489b0a6d7cd:77", "host": "(none)"}, "authority_identity": {"pid": 241, "uid": 13003, "gid": 13003, "groups": [13003], "parent_pid": 167, "started_at": "linux:e38fe28c-62e4-4dca-b85d-c489b0a6d7cd:84", "host": "(none)"}, "process_policy": {"221": {"CapInh": "0000000000000000", "CapPrm": "0000000000000000", "CapEff": "0000000000000000", "CapBnd": "0000000000000000", "CapAmb": "0000000000000000", "NoNewPrivs": "1"}, "241": {"CapInh": "0000000000000000", "CapPrm": "0000000000000000", "CapEff": "0000000000000000", "CapBnd": "0000000000000000", "CapAmb": "0000000000000000", "NoNewPrivs": "1"}}, "installed_workspace": "w1", "native_child_baseline": [{"pid": 232, "exe": "/usr/bin/dash", "birth_ticks": "83"}], "native_children_before_verdict": [{"pid": 232, "exe": "/usr/bin/dash", "birth_ticks": "83"}, {"pid": 769, "exe": "/usr/libexec/ace-fixture-payload", "birth_ticks": "280"}], "native_layout_before_verdict": {"type": "workspace_info", "workspace": {"workspace_id": "w1", "number": 1, "label": "ace-13001", "focused": true, "pane_count": 2, "tab_count": 2, "active_tab_id": "w1:t1", "agent_status": "unknown"}}, "canonical_phases": ["registered", "reserved", "recorded", "bound", "issued"], "payload_start_lines": ["769 assignment launch-d0639756a75d1939150df307"], "canonical_binding": {"runtime": "herdr", "session": "w1", "pane": "w1:p2", "terminal_id": "term_65d1086463ca92", "process_identity": {"pid": 769, "uid": 13001, "started_at": "linux:e38fe28c-62e4-4dca-b85d-c489b0a6d7cd:280", "host": "(none)", "gid": 13001, "groups": [13001], "parent_pid": 221}, "shell_identity": {"pid": 769, "uid": 13001, "started_at": "linux:e38fe28c-62e4-4dca-b85d-c489b0a6d7cd:280", "host": "(none)", "gid": 13001, "groups": [13001], "parent_pid": 221}, "native_origin": {"workspace": "w1", "tab": "w1:t2", "pane": "w1:p2", "server_identity": {"pid": 221, "uid": 13001, "gid": 13001, "groups": [13001], "parent_pid": 167, "started_at": "linux:e38fe28c-62e4-4dca-b85d-c489b0a6d7cd:77", "host": "(none)"}, "socket_identity": [26, 6, 13001], "command": ["/usr/libexec/ace-worker-gate", "mapping", "f5778bd92f6f43f159beb884fa90b54fcc6a661e7c879b25"], "cwd": "/home/ace-13001"}}, "native_children_after_launch": [{"pid": 232, "exe": "/usr/bin/dash", "birth_ticks": "83"}, {"pid": 769, "exe": "/usr/libexec/ace-fixture-payload", "birth_ticks": "280"}], "worker_after_exec": {"pid": 769, "uid": 13001, "gid": 13001, "groups": [13001], "parent_pid": 221, "started_at": "linux:e38fe28c-62e4-4dca-b85d-c489b0a6d7cd:280", "host": "(none)"}, "worker_forged_release": {"status": "error", "error": {"code": "unauthorized", "message": "Protected authority refused unauthorized"}}, "new_launcher_retry": "refused_without_creation", "gated_child_memory_write": {"ptrace": {"result": -1, "errno": 1}, "process_vm_readv": {"result": -1, "errno": 1}, "process_vm_writev": {"result": -1, "errno": 1}, "process_mem_write": 13, "server_mem": 13, "authority_journal": 13, "bootstrap_write": 13, "mapping_write": 13, "native_config_write": 13, "setuid_root": 1}, "startup_interval": "Inherited enforced Yama2 and empty capabilities/NNP; actual memory probes observe original gated child after layout/bind, not the interval before first prctl.", "worker_native_gate_mimic": {"identity": {"pid": 3678, "uid": 13001, "gid": 13001, "groups": [13001], "parent_pid": 221, "started_at": "linux:e38fe28c-62e4-4dca-b85d-c489b0a6d7cd:528", "host": "(none)"}, "canonical_child": {"pid": 2728, "uid": 13001, "started_at": "linux:e38fe28c-62e4-4dca-b85d-c489b0a6d7cd:483", "host": "(none)", "gid": 13001, "groups": [13001], "parent_pid": 221}, "permission": "none"}, "launcherloss": {"exact_child": {"pid": 2728, "uid": 13001, "started_at": "linux:e38fe28c-62e4-4dca-b85d-c489b0a6d7cd:483", "host": "(none)", "gid": 13001, "groups": [13001], "parent_pid": 221}, "final": {"assignment_id": "fixture-launcherloss", "scope": "010", "project_id": "project", "task_id": "09j", "base_head": "bf09b209902df16ef0bda471d13aaf9612a1bb25", "actor": "worker", "role": "worker", "runtime": "herdr", "launcher_identity": {"pid": 2171, "uid": 13002, "started_at": "linux:e38fe28c-62e4-4dca-b85d-c489b0a6d7cd:417", "host": "(none)", "gid": 13002, "groups": [13002], "parent_pid": 167}, "launch_ticket": "94c8584674cbb7ff3b2aa1151f5c2c3e668c1e6175d7cbf5", "attempt_id": "launch-04e3bcfabfe79824f74fa1bf", "phase": "failed", "mapping_id": "mapping", "reservation_generation": 1, "handshake_deadline": "2026-10-05T04:44:05.558564Z", "generation": 4, "process_binding": {"runtime": "herdr", "session": "w1", "pane": "w1:p3", "terminal_id": "term_65d1086652fb03", "process_identity": {"pid": 2728, "uid": 13001, "started_at": "linux:e38fe28c-62e4-4dca-b85d-c489b0a6d7cd:483", "host": "(none)", "gid": 13001, "groups": [13001], "parent_pid": 221}, "shell_identity": {"pid": 2728, "uid": 13001, "started_at": "linux:e38fe28c-62e4-4dca-b85d-c489b0a6d7cd:483", "host": "(none)", "gid": 13001, "groups": [13001], "parent_pid": 221}, "native_origin": {"workspace": "w1", "tab": "w1:t3", "pane": "w1:p3", "server_identity": {"pid": 221, "uid": 13001, "gid": 13001, "groups": [13001], "parent_pid": 167, "started_at": "linux:e38fe28c-62e4-4dca-b85d-c489b0a6d7cd:77", "host": "(none)"}, "socket_identity": [26, 6, 13001], "command": ["/usr/libexec/ace-worker-gate", "mapping", "94c8584674cbb7ff3b2aa1151f5c2c3e668c1e6175d7cbf5"], "cwd": "/home/ace-13001"}}, "failure_digest": "3afcd1d54be554255400ac83375093bd52ec9dd0f68625ceccf4eb969c8530c7", "failure_ref": "evidence/imports/launch-failure-launch-04e3bcfabfe79824f74fa1bf-3afcd1d54be554255400ac83375093bd52ec9dd0f68625ceccf4eb969c8530c7", "abort_observation": {"process_identity": {"pid": 2728, "uid": 13001, "started_at": "linux:e38fe28c-62e4-4dca-b85d-c489b0a6d7cd:483", "host": "(none)", "gid": 13001, "groups": [13001], "parent_pid": 221}, "exit_observed_at": "2026-10-05T04:43:36.781928Z", "bootstrap_sha256": "56680e55674cb72c8e6b685e116e4d2f1dfe91bf31564c37247dcfdc40edf612", "server_identity": {"pid": 221, "uid": 13001, "gid": 13001, "groups": [13001], "parent_pid": 167, "started_at": "linux:e38fe28c-62e4-4dca-b85d-c489b0a6d7cd:77", "host": "(none)"}, "release": "not_issued", "yama": 2, "capability_sets": "empty", "no_new_privs": 1}, "required_action": null}, "payload_count": 1}, "lostrelease": {"final": {"assignment_id": "fixture-lostrelease", "scope": "010", "project_id": "project", "task_id": "09j", "base_head": "bf09b209902df16ef0bda471d13aaf9612a1bb25", "actor": "worker", "role": "worker", "runtime": "herdr", "launcher_identity": {"pid": 4094, "uid": 13002, "started_at": "linux:e38fe28c-62e4-4dca-b85d-c489b0a6d7cd:577", "host": "(none)", "gid": 13002, "groups": [13002], "parent_pid": 167}, "launch_ticket": "a8e31b8f2b685417b3877f2f259dc1b622ad815528e59dcf", "attempt_id": "launch-4ea086d0bbc15eb39089fd48", "phase": "issued", "mapping_id": "mapping", "reservation_generation": 1, "handshake_deadline": "2026-10-05T04:44:07.176957Z", "generation": 4, "process_binding": {"runtime": "herdr", "session": "w1", "pane": "w1:p5", "terminal_id": "term_65d10867e45315", "process_identity": {"pid": 4779, "uid": 13001, "started_at": "linux:e38fe28c-62e4-4dca-b85d-c489b0a6d7cd:647", "host": "(none)", "gid": 13001, "groups": [13001], "parent_pid": 221}, "shell_identity": {"pid": 4779, "uid": 13001, "started_at": "linux:e38fe28c-62e4-4dca-b85d-c489b0a6d7cd:647", "host": "(none)", "gid": 13001, "groups": [13001], "parent_pid": 221}, "native_origin": {"workspace": "w1", "tab": "w1:t5", "pane": "w1:p5", "server_identity": {"pid": 221, "uid": 13001, "gid": 13001, "groups": [13001], "parent_pid": 167, "started_at": "linux:e38fe28c-62e4-4dca-b85d-c489b0a6d7cd:77", "host": "(none)"}, "socket_identity": [26, 6, 13001], "command": ["/usr/libexec/ace-worker-gate", "mapping", "a8e31b8f2b685417b3877f2f259dc1b622ad815528e59dcf"], "cwd": "/home/ace-13001"}}, "execution": "potentially_executed"}, "payload_count": 2, "exact_replay": "true_as_asserted_by_original_client"}, "issued_child_exit": {"assignment_id": "fixture-lostrelease", "scope": "010", "project_id": "project", "task_id": "09j", "base_head": "bf09b209902df16ef0bda471d13aaf9612a1bb25", "actor": "worker", "role": "worker", "runtime": "herdr", "launcher_identity": {"pid": 4094, "uid": 13002, "started_at": "linux:e38fe28c-62e4-4dca-b85d-c489b0a6d7cd:577", "host": "(none)", "gid": 13002, "groups": [13002], "parent_pid": 167}, "launch_ticket": "a8e31b8f2b685417b3877f2f259dc1b622ad815528e59dcf", "attempt_id": "launch-4ea086d0bbc15eb39089fd48", "phase": "uncertain", "mapping_id": "mapping", "reservation_generation": 1, "handshake_deadline": "2026-10-05T04:44:07.176957Z", "generation": 5, "process_binding": {"runtime": "herdr", "session": "w1", "pane": "w1:p5", "terminal_id": "term_65d10867e45315", "process_identity": {"pid": 4779, "uid": 13001, "started_at": "linux:e38fe28c-62e4-4dca-b85d-c489b0a6d7cd:647", "host": "(none)", "gid": 13001, "groups": [13001], "parent_pid": 221}, "shell_identity": {"pid": 4779, "uid": 13001, "started_at": "linux:e38fe28c-62e4-4dca-b85d-c489b0a6d7cd:647", "host": "(none)", "gid": 13001, "groups": [13001], "parent_pid": 221}, "native_origin": {"workspace": "w1", "tab": "w1:t5", "pane": "w1:p5", "server_identity": {"pid": 221, "uid": 13001, "gid": 13001, "groups": [13001], "parent_pid": 167, "started_at": "linux:e38fe28c-62e4-4dca-b85d-c489b0a6d7cd:77", "host": "(none)"}, "socket_identity": [26, 6, 13001], "command": ["/usr/libexec/ace-worker-gate", "mapping", "a8e31b8f2b685417b3877f2f259dc1b622ad815528e59dcf"], "cwd": "/home/ace-13001"}}, "execution": "potentially_executed", "failure_digest": "3afcd1d54be554255400ac83375093bd52ec9dd0f68625ceccf4eb969c8530c7", "failure_ref": "evidence/imports/launch-failure-launch-4ea086d0bbc15eb39089fd48-3afcd1d54be554255400ac83375093bd52ec9dd0f68625ceccf4eb969c8530c7", "abort_observation": null, "required_action": "supervisor_inspect_exact_child_and_release_uncertainty"}, "lostcreation": {"one_gate_only": [{"pid": 7966, "exe": "/usr/libexec/ace-worker-gate", "birth_ticks": "834"}], "canonical": {"assignment_id": "fixture-lostcreation", "scope": "010", "project_id": "project", "task_id": "09j", "base_head": "bf09b209902df16ef0bda471d13aaf9612a1bb25", "actor": "worker", "role": "worker", "runtime": "herdr", "launcher_identity": {"pid": 7155, "uid": 13002, "started_at": "linux:e38fe28c-62e4-4dca-b85d-c489b0a6d7cd:796", "host": "(none)", "gid": 13002, "groups": [13002], "parent_pid": 167}, "launch_ticket": "d56639104eafb4a18618474bfa37774cf9018c1b71829f10", "attempt_id": "launch-a7b7132c18bdb596a08dfa2b", "phase": "reserved", "mapping_id": "mapping", "reservation_generation": 1, "handshake_deadline": "2026-10-05T04:44:09.395248Z", "generation": 1}, "payload_count": 2, "exact_reservation_replay": "true_as_asserted_by_original_client"}, "additional_windows": {"lostreserve": {"before": {"assignment_id": "fixture-lostreserve", "scope": "010", "project_id": "project", "task_id": "09j", "base_head": "bf09b209902df16ef0bda471d13aaf9612a1bb25", "actor": "worker", "role": "worker", "runtime": "herdr", "launcher_identity": {"pid": 9378, "uid": 13002, "started_at": "linux:e38fe28c-62e4-4dca-b85d-c489b0a6d7cd:975", "host": "(none)", "gid": 13002, "groups": [13002], "parent_pid": 167}, "launch_ticket": "b0fb59badcb6a97a8a8b0dccd86ab4b87d3d826932c8240d", "attempt_id": "launch-1432fd3f4f734c2ed1973b14", "phase": "reserved", "mapping_id": "mapping", "reservation_generation": 1, "handshake_deadline": "2026-10-05T04:44:11.219580Z", "generation": 1}, "final": {"assignment_id": "fixture-lostreserve", "scope": "010", "project_id": "project", "task_id": "09j", "base_head": "bf09b209902df16ef0bda471d13aaf9612a1bb25", "actor": "worker", "role": "worker", "runtime": "herdr", "launcher_identity": {"pid": 9378, "uid": 13002, "started_at": "linux:e38fe28c-62e4-4dca-b85d-c489b0a6d7cd:975", "host": "(none)", "gid": 13002, "groups": [13002], "parent_pid": 167}, "launch_ticket": "b0fb59badcb6a97a8a8b0dccd86ab4b87d3d826932c8240d", "attempt_id": "launch-1432fd3f4f734c2ed1973b14", "phase": "reserved", "mapping_id": "mapping", "reservation_generation": 1, "handshake_deadline": "2026-10-05T04:44:11.219580Z", "generation": 1}, "payload_count": 2, "native_children": [{"pid": 232, "exe": "/usr/bin/dash", "birth_ticks": "83"}, {"pid": 769, "exe": "/usr/libexec/ace-fixture-payload", "birth_ticks": "280"}, {"pid": 7966, "exe": "/usr/libexec/ace-worker-gate", "birth_ticks": "834"}]}, "prespawn": {"before": {"assignment_id": "fixture-prespawn", "scope": "010", "project_id": "project", "task_id": "09j", "base_head": "bf09b209902df16ef0bda471d13aaf9612a1bb25", "actor": "worker", "role": "worker", "runtime": "herdr", "launcher_identity": {"pid": 11214, "uid": 13002, "started_at": "linux:e38fe28c-62e4-4dca-b85d-c489b0a6d7cd:1050", "host": "(none)", "gid": 13002, "groups": [13002], "parent_pid": 167}, "launch_ticket": "e85c3a267fa01192eadcdbf76bfcd5d36be3cdbe75188b27", "attempt_id": "launch-66d1a8971a4cc0e6c28e7070", "phase": "reserved", "mapping_id": "mapping", "reservation_generation": 1, "handshake_deadline": "2026-10-05T04:44:11.965703Z", "generation": 1}, "final": {"assignment_id": "fixture-prespawn", "scope": "010", "project_id": "project", "task_id": "09j", "base_head": "bf09b209902df16ef0bda471d13aaf9612a1bb25", "actor": "worker", "role": "worker", "runtime": "herdr", "launcher_identity": {"pid": 11214, "uid": 13002, "started_at": "linux:e38fe28c-62e4-4dca-b85d-c489b0a6d7cd:1050", "host": "(none)", "gid": 13002, "groups": [13002], "parent_pid": 167}, "launch_ticket": "e85c3a267fa01192eadcdbf76bfcd5d36be3cdbe75188b27", "attempt_id": "launch-66d1a8971a4cc0e6c28e7070", "phase": "reserved", "mapping_id": "mapping", "reservation_generation": 1, "handshake_deadline": "2026-10-05T04:44:11.965703Z", "generation": 1}, "payload_count": 2, "native_children": [{"pid": 232, "exe": "/usr/bin/dash", "birth_ticks": "83"}, {"pid": 769, "exe": "/usr/libexec/ace-fixture-payload", "birth_ticks": "280"}, {"pid": 7966, "exe": "/usr/libexec/ace-worker-gate", "birth_ticks": "834"}]}, "spawncrash": {"before": {"assignment_id": "fixture-spawncrash", "scope": "010", "project_id": "project", "task_id": "09j", "base_head": "bf09b209902df16ef0bda471d13aaf9612a1bb25", "actor": "worker", "role": "worker", "runtime": "herdr", "launcher_identity": {"pid": 12456, "uid": 13002, "started_at": "linux:e38fe28c-62e4-4dca-b85d-c489b0a6d7cd:1092", "host": "(none)", "gid": 13002, "groups": [13002], "parent_pid": 167}, "launch_ticket": "3bb0292760b6eeaace74a690d97f19ad411d6e3b05dde72a", "attempt_id": "launch-ac13b09a23c121f29c28d524", "phase": "reserved", "mapping_id": "mapping", "reservation_generation": 1, "handshake_deadline": "2026-10-05T04:44:12.397107Z", "generation": 1}, "final": {"assignment_id": "fixture-spawncrash", "scope": "010", "project_id": "project", "task_id": "09j", "base_head": "bf09b209902df16ef0bda471d13aaf9612a1bb25", "actor": "worker", "role": "worker", "runtime": "herdr", "launcher_identity": {"pid": 12456, "uid": 13002, "started_at": "linux:e38fe28c-62e4-4dca-b85d-c489b0a6d7cd:1092", "host": "(none)", "gid": 13002, "groups": [13002], "parent_pid": 167}, "launch_ticket": "3bb0292760b6eeaace74a690d97f19ad411d6e3b05dde72a", "attempt_id": "launch-ac13b09a23c121f29c28d524", "phase": "reserved", "mapping_id": "mapping", "reservation_generation": 1, "handshake_deadline": "2026-10-05T04:44:12.397107Z", "generation": 1}, "payload_count": 2, "native_children": [{"pid": 232, "exe": "/usr/bin/dash", "birth_ticks": "83"}, {"pid": 769, "exe": "/usr/libexec/ace-fixture-payload", "birth_ticks": "280"}, {"pid": 7966, "exe": "/usr/libexec/ace-worker-gate", "birth_ticks": "834"}, {"pid": 14080, "exe": "/usr/libexec/ace-worker-gate", "birth_ticks": "1167"}]}, "recordcrash": {"before": {"assignment_id": "fixture-recordcrash", "scope": "010", "project_id": "project", "task_id": "09j", "base_head": "bf09b209902df16ef0bda471d13aaf9612a1bb25", "actor": "worker", "role": "worker", "runtime": "herdr", "launcher_identity": {"pid": 14192, "uid": 13002, "started_at": "linux:e38fe28c-62e4-4dca-b85d-c489b0a6d7cd:1172", "host": "(none)", "gid": 13002, "groups": [13002], "parent_pid": 167}, "launch_ticket": "2e4bc93fd13d13b721e8126c2ef5f3c82f1857b36c064d92", "attempt_id": "launch-e8491817e3704f9df3fad59d", "phase": "recorded", "mapping_id": "mapping", "reservation_generation": 1, "handshake_deadline": "2026-10-05T04:44:13.232596Z", "generation": 2, "process_binding": {"runtime": "herdr", "session": "w1", "pane": "w1:p8", "terminal_id": "term_65d1086da4ab48", "process_identity": {"pid": 16405, "uid": 13001, "started_at": "linux:e38fe28c-62e4-4dca-b85d-c489b0a6d7cd:1251", "host": "(none)", "gid": 13001, "groups": [13001], "parent_pid": 221}, "shell_identity": {"pid": 16405, "uid": 13001, "started_at": "linux:e38fe28c-62e4-4dca-b85d-c489b0a6d7cd:1251", "host": "(none)", "gid": 13001, "groups": [13001], "parent_pid": 221}, "native_origin": {"workspace": "w1", "tab": "w1:t8", "pane": "w1:p8", "server_identity": {"pid": 221, "uid": 13001, "gid": 13001, "groups": [13001], "parent_pid": 167, "started_at": "linux:e38fe28c-62e4-4dca-b85d-c489b0a6d7cd:77", "host": "(none)"}, "socket_identity": [26, 6, 13001], "command": ["/usr/libexec/ace-worker-gate", "mapping", "2e4bc93fd13d13b721e8126c2ef5f3c82f1857b36c064d92"], "cwd": "/home/ace-13001"}}}, "final": {"assignment_id": "fixture-recordcrash", "scope": "010", "project_id": "project", "task_id": "09j", "base_head": "bf09b209902df16ef0bda471d13aaf9612a1bb25", "actor": "worker", "role": "worker", "runtime": "herdr", "launcher_identity": {"pid": 14192, "uid": 13002, "started_at": "linux:e38fe28c-62e4-4dca-b85d-c489b0a6d7cd:1172", "host": "(none)", "gid": 13002, "groups": [13002], "parent_pid": 167}, "launch_ticket": "2e4bc93fd13d13b721e8126c2ef5f3c82f1857b36c064d92", "attempt_id": "launch-e8491817e3704f9df3fad59d", "phase": "failed", "mapping_id": "mapping", "reservation_generation": 1, "handshake_deadline": "2026-10-05T04:44:13.232596Z", "generation": 3, "process_binding": {"runtime": "herdr", "session": "w1", "pane": "w1:p8", "terminal_id": "term_65d1086da4ab48", "process_identity": {"pid": 16405, "uid": 13001, "started_at": "linux:e38fe28c-62e4-4dca-b85d-c489b0a6d7cd:1251", "host": "(none)", "gid": 13001, "groups": [13001], "parent_pid": 221}, "shell_identity": {"pid": 16405, "uid": 13001, "started_at": "linux:e38fe28c-62e4-4dca-b85d-c489b0a6d7cd:1251", "host": "(none)", "gid": 13001, "groups": [13001], "parent_pid": 221}, "native_origin": {"workspace": "w1", "tab": "w1:t8", "pane": "w1:p8", "server_identity": {"pid": 221, "uid": 13001, "gid": 13001, "groups": [13001], "parent_pid": 167, "started_at": "linux:e38fe28c-62e4-4dca-b85d-c489b0a6d7cd:77", "host": "(none)"}, "socket_identity": [26, 6, 13001], "command": ["/usr/libexec/ace-worker-gate", "mapping", "2e4bc93fd13d13b721e8126c2ef5f3c82f1857b36c064d92"], "cwd": "/home/ace-13001"}}, "failure_digest": "3afcd1d54be554255400ac83375093bd52ec9dd0f68625ceccf4eb969c8530c7", "failure_ref": "evidence/imports/launch-failure-launch-e8491817e3704f9df3fad59d-3afcd1d54be554255400ac83375093bd52ec9dd0f68625ceccf4eb969c8530c7", "abort_observation": {"process_identity": {"pid": 16405, "uid": 13001, "started_at": "linux:e38fe28c-62e4-4dca-b85d-c489b0a6d7cd:1251", "host": "(none)", "gid": 13001, "groups": [13001], "parent_pid": 221}, "exit_observed_at": "2026-10-05T04:43:44.386643Z", "bootstrap_sha256": "56680e55674cb72c8e6b685e116e4d2f1dfe91bf31564c37247dcfdc40edf612", "server_identity": {"pid": 221, "uid": 13001, "gid": 13001, "groups": [13001], "parent_pid": 167, "started_at": "linux:e38fe28c-62e4-4dca-b85d-c489b0a6d7cd:77", "host": "(none)"}, "release": "not_issued", "yama": 2, "capability_sets": "empty", "no_new_privs": 1}, "required_action": null}, "payload_count": 2, "native_children": [{"pid": 232, "exe": "/usr/bin/dash", "birth_ticks": "83"}, {"pid": 769, "exe": "/usr/libexec/ace-fixture-payload", "birth_ticks": "280"}, {"pid": 7966, "exe": "/usr/libexec/ace-worker-gate", "birth_ticks": "834"}, {"pid": 14080, "exe": "/usr/libexec/ace-worker-gate", "birth_ticks": "1167"}]}, "recordreplycrash": {"before": {"assignment_id": "fixture-recordreplycrash", "scope": "010", "project_id": "project", "task_id": "09j", "base_head": "bf09b209902df16ef0bda471d13aaf9612a1bb25", "actor": "worker", "role": "worker", "runtime": "herdr", "launcher_identity": {"pid": 19104, "uid": 13002, "started_at": "linux:e38fe28c-62e4-4dca-b85d-c489b0a6d7cd:1341", "host": "(none)", "gid": 13002, "groups": [13002], "parent_pid": 167}, "launch_ticket": "43da454255ea367f785bf31504f409c56c79fa94f43a37a7", "attempt_id": "launch-9f3c3fac467cf0f19ef3f688", "phase": "recorded", "mapping_id": "mapping", "reservation_generation": 1, "handshake_deadline": "2026-10-05T04:44:14.940643Z", "generation": 2, "process_binding": {"runtime": "herdr", "session": "w1", "pane": "w1:p9", "terminal_id": "term_65d1086f4508f9", "process_identity": {"pid": 21364, "uid": 13001, "started_at": "linux:e38fe28c-62e4-4dca-b85d-c489b0a6d7cd:1421", "host": "(none)", "gid": 13001, "groups": [13001], "parent_pid": 221}, "shell_identity": {"pid": 21364, "uid": 13001, "started_at": "linux:e38fe28c-62e4-4dca-b85d-c489b0a6d7cd:1421", "host": "(none)", "gid": 13001, "groups": [13001], "parent_pid": 221}, "native_origin": {"workspace": "w1", "tab": "w1:t9", "pane": "w1:p9", "server_identity": {"pid": 221, "uid": 13001, "gid": 13001, "groups": [13001], "parent_pid": 167, "started_at": "linux:e38fe28c-62e4-4dca-b85d-c489b0a6d7cd:77", "host": "(none)"}, "socket_identity": [26, 6, 13001], "command": ["/usr/libexec/ace-worker-gate", "mapping", "43da454255ea367f785bf31504f409c56c79fa94f43a37a7"], "cwd": "/home/ace-13001"}}}, "final": {"assignment_id": "fixture-recordreplycrash", "scope": "010", "project_id": "project", "task_id": "09j", "base_head": "bf09b209902df16ef0bda471d13aaf9612a1bb25", "actor": "worker", "role": "worker", "runtime": "herdr", "launcher_identity": {"pid": 19104, "uid": 13002, "started_at": "linux:e38fe28c-62e4-4dca-b85d-c489b0a6d7cd:1341", "host": "(none)", "gid": 13002, "groups": [13002], "parent_pid": 167}, "launch_ticket": "43da454255ea367f785bf31504f409c56c79fa94f43a37a7", "attempt_id": "launch-9f3c3fac467cf0f19ef3f688", "phase": "failed", "mapping_id": "mapping", "reservation_generation": 1, "handshake_deadline": "2026-10-05T04:44:14.940643Z", "generation": 3, "process_binding": {"runtime": "herdr", "session": "w1", "pane": "w1:p9", "terminal_id": "term_65d1086f4508f9", "process_identity": {"pid": 21364, "uid": 13001, "started_at": "linux:e38fe28c-62e4-4dca-b85d-c489b0a6d7cd:1421", "host": "(none)", "gid": 13001, "groups": [13001], "parent_pid": 221}, "shell_identity": {"pid": 21364, "uid": 13001, "started_at": "linux:e38fe28c-62e4-4dca-b85d-c489b0a6d7cd:1421", "host": "(none)", "gid": 13001, "groups": [13001], "parent_pid": 221}, "native_origin": {"workspace": "w1", "tab": "w1:t9", "pane": "w1:p9", "server_identity": {"pid": 221, "uid": 13001, "gid": 13001, "groups": [13001], "parent_pid": 167, "started_at": "linux:e38fe28c-62e4-4dca-b85d-c489b0a6d7cd:77", "host": "(none)"}, "socket_identity": [26, 6, 13001], "command": ["/usr/libexec/ace-worker-gate", "mapping", "43da454255ea367f785bf31504f409c56c79fa94f43a37a7"], "cwd": "/home/ace-13001"}}, "failure_digest": "3afcd1d54be554255400ac83375093bd52ec9dd0f68625ceccf4eb969c8530c7", "failure_ref": "evidence/imports/launch-failure-launch-9f3c3fac467cf0f19ef3f688-3afcd1d54be554255400ac83375093bd52ec9dd0f68625ceccf4eb969c8530c7", "abort_observation": {"process_identity": {"pid": 21364, "uid": 13001, "started_at": "linux:e38fe28c-62e4-4dca-b85d-c489b0a6d7cd:1421", "host": "(none)", "gid": 13001, "groups": [13001], "parent_pid": 221}, "exit_observed_at": "2026-10-05T04:43:46.087888Z", "bootstrap_sha256": "56680e55674cb72c8e6b685e116e4d2f1dfe91bf31564c37247dcfdc40edf612", "server_identity": {"pid": 221, "uid": 13001, "gid": 13001, "groups": [13001], "parent_pid": 167, "started_at": "linux:e38fe28c-62e4-4dca-b85d-c489b0a6d7cd:77", "host": "(none)"}, "release": "not_issued", "yama": 2, "capability_sets": "empty", "no_new_privs": 1}, "required_action": null}, "payload_count": 2, "native_children": [{"pid": 232, "exe": "/usr/bin/dash", "birth_ticks": "83"}, {"pid": 769, "exe": "/usr/libexec/ace-fixture-payload", "birth_ticks": "280"}, {"pid": 7966, "exe": "/usr/libexec/ace-worker-gate", "birth_ticks": "834"}, {"pid": 14080, "exe": "/usr/libexec/ace-worker-gate", "birth_ticks": "1167"}]}, "bindreplycrash": {"before": {"assignment_id": "fixture-bindreplycrash", "scope": "010", "project_id": "project", "task_id": "09j", "base_head": "bf09b209902df16ef0bda471d13aaf9612a1bb25", "actor": "worker", "role": "worker", "runtime": "herdr", "launcher_identity": {"pid": 24216, "uid": 13002, "started_at": "linux:e38fe28c-62e4-4dca-b85d-c489b0a6d7cd:1510", "host": "(none)", "gid": 13002, "groups": [13002], "parent_pid": 167}, "launch_ticket": "78e4a1e782faf04a6ea938e610173c3a29d041dd0595fad9", "attempt_id": "launch-d4f941ad603baeb828d8a612", "phase": "bound", "mapping_id": "mapping", "reservation_generation": 1, "handshake_deadline": "2026-10-05T04:44:16.652380Z", "generation": 3, "process_binding": {"runtime": "herdr", "session": "w1", "pane": "w1:pA", "terminal_id": "term_65d10870e77fca", "process_identity": {"pid": 26760, "uid": 13001, "started_at": "linux:e38fe28c-62e4-4dca-b85d-c489b0a6d7cd:1593", "host": "(none)", "gid": 13001, "groups": [13001], "parent_pid": 221}, "shell_identity": {"pid": 26760, "uid": 13001, "started_at": "linux:e38fe28c-62e4-4dca-b85d-c489b0a6d7cd:1593", "host": "(none)", "gid": 13001, "groups": [13001], "parent_pid": 221}, "native_origin": {"workspace": "w1", "tab": "w1:tA", "pane": "w1:pA", "server_identity": {"pid": 221, "uid": 13001, "gid": 13001, "groups": [13001], "parent_pid": 167, "started_at": "linux:e38fe28c-62e4-4dca-b85d-c489b0a6d7cd:77", "host": "(none)"}, "socket_identity": [26, 6, 13001], "command": ["/usr/libexec/ace-worker-gate", "mapping", "78e4a1e782faf04a6ea938e610173c3a29d041dd0595fad9"], "cwd": "/home/ace-13001"}}}, "final": {"assignment_id": "fixture-bindreplycrash", "scope": "010", "project_id": "project", "task_id": "09j", "base_head": "bf09b209902df16ef0bda471d13aaf9612a1bb25", "actor": "worker", "role": "worker", "runtime": "herdr", "launcher_identity": {"pid": 24216, "uid": 13002, "started_at": "linux:e38fe28c-62e4-4dca-b85d-c489b0a6d7cd:1510", "host": "(none)", "gid": 13002, "groups": [13002], "parent_pid": 167}, "launch_ticket": "78e4a1e782faf04a6ea938e610173c3a29d041dd0595fad9", "attempt_id": "launch-d4f941ad603baeb828d8a612", "phase": "failed", "mapping_id": "mapping", "reservation_generation": 1, "handshake_deadline": "2026-10-05T04:44:16.652380Z", "generation": 4, "process_binding": {"runtime": "herdr", "session": "w1", "pane": "w1:pA", "terminal_id": "term_65d10870e77fca", "process_identity": {"pid": 26760, "uid": 13001, "started_at": "linux:e38fe28c-62e4-4dca-b85d-c489b0a6d7cd:1593", "host": "(none)", "gid": 13001, "groups": [13001], "parent_pid": 221}, "shell_identity": {"pid": 26760, "uid": 13001, "started_at": "linux:e38fe28c-62e4-4dca-b85d-c489b0a6d7cd:1593", "host": "(none)", "gid": 13001, "groups": [13001], "parent_pid": 221}, "native_origin": {"workspace": "w1", "tab": "w1:tA", "pane": "w1:pA", "server_identity": {"pid": 221, "uid": 13001, "gid": 13001, "groups": [13001], "parent_pid": 167, "started_at": "linux:e38fe28c-62e4-4dca-b85d-c489b0a6d7cd:77", "host": "(none)"}, "socket_identity": [26, 6, 13001], "command": ["/usr/libexec/ace-worker-gate", "mapping", "78e4a1e782faf04a6ea938e610173c3a29d041dd0595fad9"], "cwd": "/home/ace-13001"}}, "failure_digest": "3afcd1d54be554255400ac83375093bd52ec9dd0f68625ceccf4eb969c8530c7", "failure_ref": "evidence/imports/launch-failure-launch-d4f941ad603baeb828d8a612-3afcd1d54be554255400ac83375093bd52ec9dd0f68625ceccf4eb969c8530c7", "abort_observation": {"process_identity": {"pid": 26760, "uid": 13001, "started_at": "linux:e38fe28c-62e4-4dca-b85d-c489b0a6d7cd:1593", "host": "(none)", "gid": 13001, "groups": [13001], "parent_pid": 221}, "exit_observed_at": "2026-10-05T04:43:47.971197Z", "bootstrap_sha256": "56680e55674cb72c8e6b685e116e4d2f1dfe91bf31564c37247dcfdc40edf612", "server_identity": {"pid": 221, "uid": 13001, "gid": 13001, "groups": [13001], "parent_pid": 167, "started_at": "linux:e38fe28c-62e4-4dca-b85d-c489b0a6d7cd:77", "host": "(none)"}, "release": "not_issued", "yama": 2, "capability_sets": "empty", "no_new_privs": 1}, "required_action": null}, "payload_count": 2, "native_children": [{"pid": 232, "exe": "/usr/bin/dash", "birth_ticks": "83"}, {"pid": 769, "exe": "/usr/libexec/ace-fixture-payload", "birth_ticks": "280"}, {"pid": 7966, "exe": "/usr/libexec/ace-worker-gate", "birth_ticks": "834"}, {"pid": 14080, "exe": "/usr/libexec/ace-worker-gate", "birth_ticks": "1167"}]}, "lostrecord": {"final": {"assignment_id": "fixture-lostrecord", "scope": "010", "project_id": "project", "task_id": "09j", "base_head": "bf09b209902df16ef0bda471d13aaf9612a1bb25", "actor": "worker", "role": "worker", "runtime": "herdr", "launcher_identity": {"pid": 30570, "uid": 13002, "started_at": "linux:e38fe28c-62e4-4dca-b85d-c489b0a6d7cd:1700", "host": "(none)", "gid": 13002, "groups": [13002], "parent_pid": 167}, "launch_ticket": "4e36293a074272950aea62f48c7ac2bd219b6acfcafa1e90", "attempt_id": "launch-96a101c776ec4bb8f754d87f", "phase": "issued", "mapping_id": "mapping", "reservation_generation": 1, "handshake_deadline": "2026-10-05T04:44:18.588207Z", "generation": 4, "process_binding": {"runtime": "herdr", "session": "w1", "pane": "w1:pB", "terminal_id": "term_65d10872bf768b", "process_identity": {"pid": 607, "uid": 13001, "started_at": "linux:e38fe28c-62e4-4dca-b85d-c489b0a6d7cd:1786", "host": "(none)", "gid": 13001, "groups": [13001], "parent_pid": 221}, "shell_identity": {"pid": 607, "uid": 13001, "started_at": "linux:e38fe28c-62e4-4dca-b85d-c489b0a6d7cd:1786", "host": "(none)", "gid": 13001, "groups": [13001], "parent_pid": 221}, "native_origin": {"workspace": "w1", "tab": "w1:tB", "pane": "w1:pB", "server_identity": {"pid": 221, "uid": 13001, "gid": 13001, "groups": [13001], "parent_pid": 167, "started_at": "linux:e38fe28c-62e4-4dca-b85d-c489b0a6d7cd:77", "host": "(none)"}, "socket_identity": [26, 6, 13001], "command": ["/usr/libexec/ace-worker-gate", "mapping", "4e36293a074272950aea62f48c7ac2bd219b6acfcafa1e90"], "cwd": "/home/ace-13001"}}, "execution": "potentially_executed"}, "payload_count": 3, "exact_replay": "asserted by original installed client"}, "lostbind": {"final": {"assignment_id": "fixture-lostbind", "scope": "010", "project_id": "project", "task_id": "09j", "base_head": "bf09b209902df16ef0bda471d13aaf9612a1bb25", "actor": "worker", "role": "worker", "runtime": "herdr", "launcher_identity": {"pid": 5411, "uid": 13002, "started_at": "linux:e38fe28c-62e4-4dca-b85d-c489b0a6d7cd:1916", "host": "(none)", "gid": 13002, "groups": [13002], "parent_pid": 167}, "launch_ticket": "42e21f258b6b0d54e43b3efef81738921142bb4fa3190c6d", "attempt_id": "launch-3467dcdeded3eff0013beed8", "phase": "issued", "mapping_id": "mapping", "reservation_generation": 1, "handshake_deadline": "2026-10-05T04:44:20.751079Z", "generation": 4, "process_binding": {"runtime": "herdr", "session": "w1", "pane": "w1:pC", "terminal_id": "term_65d10874cedcac", "process_identity": {"pid": 8103, "uid": 13001, "started_at": "linux:e38fe28c-62e4-4dca-b85d-c489b0a6d7cd:2002", "host": "(none)", "gid": 13001, "groups": [13001], "parent_pid": 221}, "shell_identity": {"pid": 8103, "uid": 13001, "started_at": "linux:e38fe28c-62e4-4dca-b85d-c489b0a6d7cd:2002", "host": "(none)", "gid": 13001, "groups": [13001], "parent_pid": 221}, "native_origin": {"workspace": "w1", "tab": "w1:tC", "pane": "w1:pC", "server_identity": {"pid": 221, "uid": 13001, "gid": 13001, "groups": [13001], "parent_pid": 167, "started_at": "linux:e38fe28c-62e4-4dca-b85d-c489b0a6d7cd:77", "host": "(none)"}, "socket_identity": [26, 6, 13001], "command": ["/usr/libexec/ace-worker-gate", "mapping", "42e21f258b6b0d54e43b3efef81738921142bb4fa3190c6d"], "cwd": "/home/ace-13001"}}, "execution": "potentially_executed"}, "payload_count": 4, "exact_replay": "asserted by original installed client"}}, "authority_crash_recovery": {"canonical": {"assignment_id": "fixture-authorityloss", "scope": "010", "project_id": "project", "task_id": "09j", "base_head": "bf09b209902df16ef0bda471d13aaf9612a1bb25", "actor": "worker", "role": "worker", "runtime": "herdr", "launcher_identity": {"pid": 12991, "uid": 13002, "started_at": "linux:e38fe28c-62e4-4dca-b85d-c489b0a6d7cd:2117", "host": "(none)", "gid": 13002, "groups": [13002], "parent_pid": 167}, "launch_ticket": "f7742fb129c6e4519ada74724d4713764cc0e2e8d5997171", "attempt_id": "launch-6e2fc61e09ef17d038b6b440", "phase": "bound", "mapping_id": "mapping", "reservation_generation": 1, "handshake_deadline": "2026-10-05T04:44:22.802783Z", "generation": 3, "process_binding": {"runtime": "herdr", "session": "w1", "pane": "w1:pD", "terminal_id": "term_65d10876c4640d", "process_identity": {"pid": 15813, "uid": 13001, "started_at": "linux:e38fe28c-62e4-4dca-b85d-c489b0a6d7cd:2207", "host": "(none)", "gid": 13001, "groups": [13001], "parent_pid": 221}, "shell_identity": {"pid": 15813, "uid": 13001, "started_at": "linux:e38fe28c-62e4-4dca-b85d-c489b0a6d7cd:2207", "host": "(none)", "gid": 13001, "groups": [13001], "parent_pid": 221}, "native_origin": {"workspace": "w1", "tab": "w1:tD", "pane": "w1:pD", "server_identity": {"pid": 221, "uid": 13001, "gid": 13001, "groups": [13001], "parent_pid": 167, "started_at": "linux:e38fe28c-62e4-4dca-b85d-c489b0a6d7cd:77", "host": "(none)"}, "socket_identity": [26, 6, 13001], "command": ["/usr/libexec/ace-worker-gate", "mapping", "f7742fb129c6e4519ada74724d4713764cc0e2e8d5997171"], "cwd": "/home/ace-13001"}}}, "replacement_identity": {"pid": 18652, "uid": 13003, "gid": 13003, "groups": [13003], "parent_pid": 167, "started_at": "linux:e38fe28c-62e4-4dca-b85d-c489b0a6d7cd:2277", "host": "(none)"}, "termination": "refused_without_retained_exact_handle", "payload_count": 4}, "native_endpoint_replacement": "refused", "dac_override_bounding": "refused", "capability_bounding": "refused", "no_new_privs_missing": "refused", "closed_installed_container": "refused_without_fallback", "native_server_restart": {"old_server": {"pid": 221, "uid": 13001, "gid": 13001, "groups": [13001], "parent_pid": 167, "started_at": "linux:e38fe28c-62e4-4dca-b85d-c489b0a6d7cd:77", "host": "(none)"}, "new_server": {"pid": 18972, "uid": 13001, "gid": 13001, "groups": [13001], "parent_pid": 167, "started_at": "linux:e38fe28c-62e4-4dca-b85d-c489b0a6d7cd:2651", "host": "(none)"}, "old_socket": [26, 6, 13001], "new_socket": [26, 12, 13001], "installed_workspace": "w1", "stale_mapping": "refused", "missing_launcher_acl": "refused", "unrelated_uid": "refused", "mapped_launcher": "public launch issued", "baseline": [{"pid": 18983, "exe": "/usr/bin/dash", "birth_ticks": "2656"}], "fresh_child": [{"pid": 21162, "exe": "/usr/libexec/ace-fixture-payload", "birth_ticks": "2924"}], "canonical": {"assignment_id": "fixture-native-restart", "scope": "010", "project_id": "project", "task_id": "09j", "base_head": "bf09b209902df16ef0bda471d13aaf9612a1bb25", "actor": "worker", "role": "worker", "runtime": "herdr", "launcher_identity": {"pid": 19069, "uid": 13002, "started_at": "linux:e38fe28c-62e4-4dca-b85d-c489b0a6d7cd:2799", "host": "(none)", "gid": 13002, "groups": [13002], "parent_pid": 167}, "launch_ticket": "7c1584ab7155038235444f42a73337dc56f5e711746b734d", "attempt_id": "launch-22558f3c11fe3371263202dc", "phase": "issued", "mapping_id": "mapping", "reservation_generation": 1, "handshake_deadline": "2026-10-05T04:44:29.949661Z", "generation": 4, "process_binding": {"runtime": "herdr", "session": "w1", "pane": "w1:p2", "terminal_id": "term_65d1087d9a82a2", "process_identity": {"pid": 21162, "uid": 13001, "started_at": "linux:e38fe28c-62e4-4dca-b85d-c489b0a6d7cd:2924", "host": "(none)", "gid": 13001, "groups": [13001], "parent_pid": 18972}, "shell_identity": {"pid": 21162, "uid": 13001, "started_at": "linux:e38fe28c-62e4-4dca-b85d-c489b0a6d7cd:2924", "host": "(none)", "gid": 13001, "groups": [13001], "parent_pid": 18972}, "native_origin": {"workspace": "w1", "tab": "w1:t2", "pane": "w1:p2", "server_identity": {"pid": 18972, "uid": 13001, "gid": 13001, "groups": [13001], "parent_pid": 167, "started_at": "linux:e38fe28c-62e4-4dca-b85d-c489b0a6d7cd:2651", "host": "(none)"}, "socket_identity": [26, 12, 13001], "command": ["/usr/libexec/ace-worker-gate", "mapping", "7c1584ab7155038235444f42a73337dc56f5e711746b734d"], "cwd": "/home/ace-13001"}}, "execution": "potentially_executed"}}, "verdict": "expanded_installed_cases_passed"}
[    1.308217] ptrace attach of "/usr/local/bin/herdr server"[221] was attempted by "python3 -c import os,ctypes,json,pathlib,sys\x0alibc=ctypes.CDLL(None,use_errno=True);pid=int(sys.argv[1]);results={}\x0aresults['ptrace']={'result':libc.ptrace(16,pid,0,0),'errno':ctypes.get_errno()}\x0aclass IOVec(ctypes.Structure):_fields_=[('base',ctypes.c_void_p),('length',ctypes.c_size_t)]\x0abuffer=ctypes.create_string_buffer(1);local=IOVec(ctypes.cast(buffer,ctypes.c_void_p),1);remote=IOVec(1,1)\x0aresults['process_vm_readv']={'result':libc.process_vm_readv(pid,ctypes.byref(local),1,ctypes.byref(remote),1,0),'errno':ctypes.get_errno()}\x0aresults['process_vm_writev']={'result':libc.process_vm_writev(pid,ctypes.byref(local),1,ctypes.byref(remote),1,0),'errno':ctypes.get_errno()}\x0atry:\x0a fd=os.open(f'/proc/{pid}/mem',os.O_WRONLY);os.close(fd);results['process_mem_write']='unexpectedly_opened'\x0aexcept OSError as e:results['process_mem_write']=e.errno\x0afor name,path in [('server_mem',f'/proc/{p
[   30.690467] reboot: Power down
